EmployeeID,FirstName,LastName,Age,Gender,Department,JobTitle,Salary,YearsAtCompany,Education,MaritalStatus,PerformanceRating
1001,Jenna,Adams,59,Non-Binary,Finance,Financial Analyst,95711,13,PhD,Divorced,5
1002,Stacey,Robertson,51,Female,Engineering,DevOps Engineer,89988,1,Bachelor,Single,5
1003,Eric,Howe,25,Non-Binary,IT,IT Manager,115928,3,Bachelor,Married,1
1004,Thomas,Rodriguez,22,Female,IT,Network Engineer,67076,2,PhD,Single,4
1005,Michelle,Grant,37,Male,HR,HR Manager,69169,2,PhD,Divorced,1
1006,John,Estes,53,Male,Finance,Accountant,98820,29,Bachelor,Single,1
1007,Thomas,Maxwell,49,Non-Binary,HR,HR Manager,68881,24,High School,Single,5
1008,Michael,Williams,26,Non-Binary,Finance,Financial Analyst,84572,4,Bachelor,Divorced,4
1009,Sheryl,Webster,22,Male,HR,HR Manager,74951,0,Master,Divorced,1
1010,Barbara,Lambert,50,Male,IT,Network Engineer,65236,11,Bachelor,Married,1
1011,Brandon,Wright,53,Female,Customer Service,Call Center Rep,96719,27,High School,Divorced,1
1012,Sophia,Ramos,58,Female,Sales,Sales Executive,42271,5,Bachelor,Married,5
1013,Ellen,Brown,58,Male,Marketing,Marketing Analyst,96550,16,Bachelor,Divorced,5
1014,Sarah,Gutierrez,44,Female,Sales,Sales Associate,117471,24,PhD,Married,1
1015,Curtis,Pineda,38,Female,IT,System Administrator,108645,3,Bachelor,Single,2
1016,Crystal,Bennett,41,Female,Finance,Financial Analyst,92619,16,PhD,Single,3
1017,Ashley,Campbell,57,Male,IT,IT Manager,55004,1,Bachelor,Divorced,5
1018,Sara,Phillips,59,Female,Customer Service,Call Center Rep,42180,23,PhD,Single,1
1019,Kelly,Krueger,37,Non-Binary,HR,HR Manager,97097,14,Master,Single,2
1020,John,Johnson,44,Non-Binary,Customer Service,Support Specialist,109297,12,Master,Single,4
1021,Sharon,Dougherty,22,Non-Binary,Customer Service,Support Specialist,105854,0,Bachelor,Married,1
1022,Pam,Rios,30,Female,Customer Service,Support Specialist,117096,3,Master,Divorced,1
1023,Robert,Hill,28,Female,HR,Recruiter,84270,2,Bachelor,Single,4
1024,Joanna,Spears,21,Male,Finance,Accountant,113983,0,PhD,Married,2
1025,Heather,Berry,59,Non-Binary,Customer Service,Support Specialist,50475,15,Master,Single,4
1026,Kevin,Santos,54,Male,Marketing,Marketing Analyst,81064,25,Master,Married,2
1027,Johnathan,James,26,Male,Finance,Accountant,48104,3,PhD,Single,4
1028,Kimberly,Brown,39,Female,Marketing,SEO Specialist,44258,9,Master,Single,5
1029,Sarah,Green,28,Male,Customer Service,Call Center Rep,112781,8,PhD,Divorced,1
1030,Kenneth,Sanchez,22,Female,Engineering,DevOps Engineer,65949,1,Master,Married,5
1031,Christopher,Savage,37,Female,HR,HR Manager,103361,12,High School,Divorced,2
1032,Robert,Chang,59,Male,Marketing,Marketing Analyst,55157,11,Bachelor,Divorced,1
1033,Michael,Love,45,Female,Customer Service,Call Center Rep,61673,25,Bachelor,Single,1
1034,Michelle,Wilson,33,Female,Engineering,Software Engineer,46523,12,High School,Divorced,4
1035,Elizabeth,Glenn,44,Female,Finance,Accountant,116132,8,Bachelor,Divorced,2
1036,Zachary,Davis,56,Female,Sales,Sales Executive,91168,20,Bachelor,Single,2
1037,Danielle,Baker,42,Male,IT,IT Manager,46237,13,PhD,Single,2
1038,Jason,Owens,55,Male,IT,System Administrator,73837,13,Master,Married,5
1039,Jeffrey,English,44,Male,Customer Service,Call Center Rep,119913,5,Bachelor,Single,3
1040,Katrina,Lewis,56,Male,Marketing,SEO Specialist,74747,25,Master,Divorced,4
1041,Chad,Hall,33,Male,Customer Service,Call Center Rep,54177,5,PhD,Divorced,4
1042,Adrian,Smith,34,Female,Marketing,SEO Specialist,56891,4,Master,Divorced,3
1043,Samuel,Zimmerman,23,Non-Binary,HR,Recruiter,49787,2,Bachelor,Married,4
1044,Lee,Peck,21,Non-Binary,Engineering,DevOps Engineer,91263,1,Bachelor,Married,1
1045,Pamela,Morrow,57,Female,HR,HR Manager,98991,4,Bachelor,Single,3
1046,Natalie,Powers,55,Non-Binary,Finance,Financial Analyst,107817,16,PhD,Married,3
1047,Mike,Wilson,23,Female,Sales,Sales Executive,115059,0,PhD,Divorced,4
1048,Nicole,Miller,23,Female,IT,System Administrator,72394,1,High School,Married,1
1049,Eric,Clark,21,Male,Finance,Accountant,66818,1,PhD,Single,2
1050,Paul,Hogan,42,Male,Sales,Sales Associate,40690,8,Bachelor,Divorced,4
1051,Melissa,Johnson,49,Female,Marketing,SEO Specialist,105519,27,Master,Married,5
1052,Brett,Allen,32,Non-Binary,Finance,Financial Analyst,61281,6,Master,Married,4
1053,Henry,Mayo,43,Female,Marketing,SEO Specialist,67201,23,PhD,Divorced,5
1054,Amanda,Myers,22,Male,Customer Service,Call Center Rep,91687,0,Bachelor,Divorced,1
1055,Dillon,Williams,43,Female,Customer Service,Call Center Rep,57870,2,Bachelor,Divorced,3
1056,Charlene,James,33,Male,Marketing,SEO Specialist,100541,4,Master,Married,3
1057,Brandon,Gardner,38,Male,Marketing,Marketing Analyst,101385,9,Master,Single,4
1058,Jesus,Miranda,44,Female,HR,Recruiter,113831,11,High School,Single,2
1059,Sarah,Lloyd,37,Non-Binary,Customer Service,Call Center Rep,97794,4,High School,Married,3
1060,Tina,Lyons,23,Non-Binary,IT,IT Manager,71744,0,PhD,Single,5
1061,Jessica,Murray,45,Female,Sales,Sales Associate,64643,15,Master,Single,5
1062,Brandy,Morrison,47,Male,Engineering,QA Engineer,115037,8,PhD,Single,5
1063,Sean,Hunter,24,Female,Engineering,DevOps Engineer,105814,3,Master,Divorced,1
1064,Peter,James,27,Female,Finance,Financial Analyst,48049,6,Bachelor,Married,5
1065,Meghan,Munoz,31,Non-Binary,IT,IT Manager,82115,5,Bachelor,Divorced,3
1066,Jordan,Jenkins,48,Non-Binary,HR,Recruiter,109287,2,Master,Single,3
1067,Tanner,Matthews,51,Non-Binary,HR,HR Manager,64645,19,High School,Single,2
1068,Paul,Myers,44,Non-Binary,Sales,Sales Associate,79820,21,Master,Married,2
1069,Joanna,Moore,22,Female,Marketing,Marketing Analyst,90850,1,High School,Divorced,3
1070,Emily,Gomez,40,Male,Sales,Sales Executive,91492,20,Bachelor,Single,1
1071,Brandi,Davenport,30,Female,Finance,Accountant,69777,2,PhD,Divorced,5
1072,Robert,Jackson,52,Female,Engineering,Software Engineer,77120,21,Master,Single,4
1073,Sandra,Atkinson,33,Non-Binary,Customer Service,Call Center Rep,81239,5,Bachelor,Divorced,5
1074,Colleen,Alvarez,27,Non-Binary,Customer Service,Call Center Rep,60652,7,Master,Single,5
1075,Jerome,Snow,41,Female,Customer Service,Call Center Rep,105292,0,PhD,Divorced,1
1076,Joshua,Maldonado,30,Female,HR,Recruiter,57547,2,High School,Single,1
1077,Ashley,Baker,45,Non-Binary,Marketing,Marketing Analyst,111761,10,High School,Divorced,3
1078,Rebecca,Calderon,32,Male,Marketing,Marketing Analyst,72426,6,High School,Single,2
1079,Cynthia,Cooper,22,Female,Finance,Accountant,87314,0,High School,Single,3
1080,Sarah,Parker,50,Non-Binary,Engineering,QA Engineer,95409,19,High School,Married,5
1081,John,Brown,21,Non-Binary,Customer Service,Support Specialist,58288,0,Bachelor,Single,3
1082,David,Hatfield,57,Female,HR,Recruiter,59139,8,High School,Divorced,5
1083,James,Baker,55,Non-Binary,Customer Service,Call Center Rep,94989,15,Bachelor,Single,2
1084,Brian,Burgess,22,Female,Customer Service,Call Center Rep,77426,0,Bachelor,Divorced,5
1085,Justin,Williams,37,Non-Binary,Engineering,QA Engineer,76289,8,High School,Married,5
1086,Susan,Campbell,60,Non-Binary,IT,IT Manager,48005,15,PhD,Divorced,3
1087,Justin,Golden,52,Male,Finance,Accountant,43707,26,High School,Married,1
1088,Paul,Saunders,48,Non-Binary,Finance,Accountant,45048,14,Master,Single,5
1089,Sharon,Kirk,41,Male,Engineering,QA Engineer,98260,10,PhD,Divorced,3
1090,William,Morgan,52,Non-Binary,Engineering,DevOps Engineer,98649,7,Master,Divorced,2
1091,Jared,Carroll,34,Female,Marketing,Marketing Analyst,85462,0,PhD,Married,3
1092,Wanda,Gaines,51,Non-Binary,IT,System Administrator,50594,3,Master,Single,2
1093,Sarah,Oconnor,51,Male,IT,IT Manager,71296,22,Bachelor,Single,4
1094,Jesus,Johnson,34,Male,Marketing,Marketing Analyst,69133,1,High School,Divorced,5
1095,Richard,Johnson,54,Male,HR,HR Manager,64959,1,High School,Divorced,4
1096,Angela,Mcdonald,43,Male,Engineering,DevOps Engineer,66862,3,Bachelor,Divorced,5
1097,Mackenzie,Nunez,29,Male,Finance,Accountant,77416,4,Master,Divorced,5
1098,Kelly,Martinez,47,Non-Binary,Customer Service,Support Specialist,40936,2,Master,Married,2
1099,Jody,Medina,32,Female,IT,IT Manager,60113,8,Master,Divorced,2
1100,Kelly,Garcia,53,Female,Marketing,Marketing Analyst,112220,11,PhD,Married,5
1101,Andrea,Collins,35,Female,Marketing,Marketing Analyst,73134,8,PhD,Divorced,2
1102,James,Martin,24,Male,Engineering,DevOps Engineer,47878,0,High School,Married,1
1103,Christina,Schmidt,55,Male,HR,Recruiter,72715,18,PhD,Married,2
1104,Donald,Fisher,48,Non-Binary,Customer Service,Call Center Rep,86145,4,Bachelor,Single,4
1105,Steven,Fitzgerald,52,Male,IT,Network Engineer,53995,11,Master,Married,2
1106,Katherine,Melton,54,Non-Binary,HR,HR Manager,103525,21,Master,Single,5
1107,Rachel,Obrien,33,Non-Binary,Sales,Sales Executive,119593,9,Master,Divorced,5
1108,Brian,Shields,37,Non-Binary,IT,System Administrator,81294,17,Master,Single,4
1109,Stephen,Wilson,23,Non-Binary,Sales,Sales Associate,68545,2,High School,Single,4
1110,Cathy,Marquez,29,Non-Binary,Marketing,SEO Specialist,64798,7,Master,Divorced,2
1111,Shawn,Reed,34,Male,Finance,Accountant,73730,3,PhD,Divorced,5
1112,Thomas,York,53,Non-Binary,Customer Service,Support Specialist,49104,20,PhD,Married,4
1113,Anthony,Sanchez,45,Male,IT,Network Engineer,69967,15,High School,Married,3
1114,Ashlee,Allen,46,Non-Binary,HR,HR Manager,72697,2,High School,Married,4
1115,Cynthia,Green,50,Female,Finance,Accountant,110487,29,Master,Divorced,4
1116,Karen,Sanchez,58,Non-Binary,Finance,Accountant,118628,20,PhD,Single,5
1117,Zachary,Hubbard,21,Male,Sales,Sales Associate,108073,1,Bachelor,Divorced,2
1118,Natasha,Prince,52,Non-Binary,Sales,Sales Associate,102249,29,High School,Married,5
1119,Sandy,Cooper,30,Non-Binary,IT,Network Engineer,95544,2,Master,Single,5
1120,Douglas,Smith,31,Male,Marketing,Marketing Analyst,117484,11,PhD,Married,5
1121,Crystal,Edwards,47,Female,Engineering,Software Engineer,40050,25,High School,Single,3
1122,Anthony,Alvarado,37,Non-Binary,HR,Recruiter,62825,7,Master,Single,5
1123,Brandon,Hammond,50,Non-Binary,Customer Service,Call Center Rep,55661,18,PhD,Single,3
1124,Peter,Santiago,41,Non-Binary,Engineering,DevOps Engineer,85104,0,PhD,Divorced,3
1125,Charles,Jones,27,Non-Binary,Engineering,Software Engineer,87469,1,Master,Married,5
1126,Joanna,Dixon,53,Female,Engineering,Software Engineer,40897,28,Bachelor,Married,5
1127,Renee,Walter,53,Male,Sales,Sales Associate,58432,12,Master,Married,2
1128,John,Salas,34,Male,Customer Service,Support Specialist,70603,2,PhD,Divorced,3
1129,Nicholas,Gonzales,38,Male,Sales,Sales Associate,63967,6,PhD,Divorced,5
1130,Aaron,Williams,31,Female,HR,HR Manager,92432,11,Master,Divorced,5
1131,David,Walters,51,Male,Customer Service,Support Specialist,111183,30,Bachelor,Divorced,2
1132,Theodore,Nelson,22,Male,IT,Network Engineer,84182,0,Master,Married,3
1133,Michael,Coffey,34,Male,Marketing,Marketing Analyst,83591,12,PhD,Married,3
1134,Summer,Miller,33,Non-Binary,HR,HR Manager,100509,7,High School,Married,3
1135,David,Chandler,26,Female,Engineering,DevOps Engineer,49952,5,Bachelor,Single,3
1136,Beth,Wyatt,23,Female,Engineering,DevOps Engineer,71483,1,Master,Single,3
1137,Robert,Garcia,51,Non-Binary,Sales,Sales Executive,107687,15,PhD,Single,3
1138,David,Lopez,33,Female,IT,System Administrator,86917,5,Master,Divorced,1
1139,Tim,Jackson,27,Non-Binary,Engineering,DevOps Engineer,91006,0,Bachelor,Divorced,1
1140,Joanne,Williams,38,Female,Marketing,SEO Specialist,68124,6,High School,Married,3
1141,Kristin,Cain,26,Female,Marketing,SEO Specialist,48211,6,PhD,Married,4
1142,Courtney,Rogers,50,Non-Binary,Customer Service,Support Specialist,79454,15,PhD,Married,5
1143,Kara,Miller,59,Male,Customer Service,Support Specialist,91812,10,PhD,Divorced,1
1144,Christopher,Johnson,35,Female,Finance,Financial Analyst,100850,5,Master,Married,1
1145,Jesus,Powell,39,Non-Binary,Engineering,Software Engineer,81650,0,Bachelor,Married,5
1146,Kelsey,Hendrix,29,Non-Binary,IT,System Administrator,85312,2,Master,Divorced,4
1147,Brian,Glover,53,Male,HR,HR Manager,85111,16,Bachelor,Single,5
1148,Erica,Fleming,29,Female,Sales,Sales Associate,109208,4,Bachelor,Married,3
1149,Jo,Montgomery,28,Male,Marketing,Marketing Analyst,47802,8,High School,Single,1
1150,Kimberly,White,22,Female,IT,IT Manager,100036,1,High School,Married,5
1151,Samuel,Khan,22,Male,Sales,Sales Associate,119928,2,PhD,Divorced,1
1152,Crystal,Patel,46,Non-Binary,IT,IT Manager,77089,7,Bachelor,Single,1
1153,Eric,Clark,40,Male,Finance,Accountant,99883,17,Master,Single,1
1154,Anthony,Stein,56,Female,Sales,Sales Executive,60663,25,Bachelor,Married,5
1155,Shannon,Henderson,47,Non-Binary,Marketing,SEO Specialist,48217,23,High School,Divorced,4
1156,Michael,Roth,36,Male,Finance,Financial Analyst,110986,1,PhD,Married,3
1157,Jesus,Dorsey,59,Male,Engineering,QA Engineer,72107,20,Bachelor,Single,4
1158,Lisa,Dean,27,Non-Binary,IT,Network Engineer,72238,2,High School,Single,4
1159,Jacob,Yang,21,Non-Binary,Finance,Accountant,111801,1,Master,Single,1
1160,Rachel,Smith,25,Female,Engineering,Software Engineer,101916,1,High School,Married,3
1161,Jeanne,Morris,58,Male,HR,Recruiter,102407,13,Bachelor,Single,4
1162,Suzanne,Roth,22,Male,IT,IT Manager,40428,0,High School,Divorced,2
1163,Eugene,Davis,32,Female,Marketing,SEO Specialist,100236,3,Master,Single,4
1164,Jose,Miller,28,Non-Binary,Engineering,Software Engineer,88540,8,Master,Single,1
1165,Kimberly,Hamilton,29,Female,Engineering,QA Engineer,65820,3,Bachelor,Married,5
1166,Richard,Caldwell,30,Male,Customer Service,Support Specialist,91268,0,High School,Divorced,2
1167,Melissa,Mcmillan,31,Non-Binary,Marketing,SEO Specialist,116377,10,Bachelor,Divorced,1
1168,Linda,Watson,23,Male,Marketing,SEO Specialist,81083,1,High School,Single,1
1169,Todd,Gaines,22,Non-Binary,HR,HR Manager,45963,2,High School,Single,5
1170,Chelsea,Chavez,30,Non-Binary,Finance,Financial Analyst,54717,0,Master,Married,4
1171,Angela,Miller,37,Female,Customer Service,Support Specialist,74836,8,Bachelor,Single,3
1172,Derek,Young,42,Non-Binary,Marketing,Marketing Analyst,113750,12,PhD,Divorced,3
1173,Donald,Perez,44,Male,Marketing,Marketing Analyst,63373,2,High School,Single,5
1174,Christopher,Lane,36,Female,HR,HR Manager,93011,14,Master,Married,4
1175,Elizabeth,West,50,Male,Finance,Accountant,74062,16,High School,Married,4
1176,Nancy,Barrett,43,Non-Binary,IT,System Administrator,75955,20,High School,Married,4
1177,Leslie,Vega,35,Female,IT,Network Engineer,90236,5,Master,Married,5
1178,Jose,Smith,53,Male,Sales,Sales Executive,68106,18,Master,Single,3
1179,Philip,Valdez,40,Male,Customer Service,Support Specialist,78566,0,Master,Divorced,1
1180,Emma,Taylor,39,Male,IT,System Administrator,76907,18,Bachelor,Single,5
1181,Jeffrey,Malone,29,Non-Binary,Engineering,Software Engineer,108903,4,Bachelor,Married,4
1182,Julia,Hansen,57,Male,Engineering,QA Engineer,86274,30,PhD,Married,5
1183,Kim,Roberts,56,Male,Marketing,SEO Specialist,44708,21,PhD,Married,5
1184,Vanessa,Powell,33,Male,Engineering,Software Engineer,64776,5,High School,Married,4
1185,Emily,Castro,33,Male,Customer Service,Call Center Rep,80951,6,High School,Divorced,5
1186,Danielle,Dickson,24,Non-Binary,Engineering,QA Engineer,73490,3,Bachelor,Divorced,3
1187,Erika,Nunez,50,Non-Binary,IT,IT Manager,95072,25,High School,Divorced,1
1188,William,Baker,42,Female,Finance,Financial Analyst,112739,13,Bachelor,Married,4
1189,Troy,Brown,45,Non-Binary,HR,Recruiter,78146,22,Bachelor,Divorced,2
1190,Brittany,Anderson,33,Male,Finance,Financial Analyst,66754,12,High School,Divorced,4
1191,Haley,Murphy,23,Male,IT,Network Engineer,106329,2,PhD,Married,3
1192,Louis,Cox,57,Non-Binary,Engineering,Software Engineer,84439,21,High School,Divorced,1
1193,Charles,Klein,60,Non-Binary,Engineering,QA Engineer,71583,7,High School,Married,2
1194,Jeremy,James,53,Non-Binary,Finance,Financial Analyst,112024,9,Bachelor,Divorced,1
1195,Kimberly,Day,42,Female,Sales,Sales Associate,68922,0,Master,Single,3
1196,Jason,Ramirez,45,Female,Engineering,DevOps Engineer,91413,21,Master,Divorced,2
1197,Peggy,Farley,34,Female,IT,Network Engineer,57903,3,Master,Married,2
1198,Matthew,Moore,45,Non-Binary,Sales,Sales Associate,110855,0,PhD,Single,2
1199,Ashley,Hawkins,37,Non-Binary,Finance,Accountant,90004,13,Bachelor,Divorced,1
1200,Susan,Oliver,43,Non-Binary,Finance,Financial Analyst,90732,1,PhD,Single,5
1201,Christopher,Bryant,34,Non-Binary,Finance,Financial Analyst,67661,8,PhD,Divorced,5
1202,Devin,Barr,58,Male,Finance,Accountant,91066,21,Master,Married,4
1203,Alexis,Sutton,43,Female,HR,HR Manager,61442,14,High School,Divorced,2
1204,Claire,Wright,25,Female,Sales,Sales Executive,85256,4,Bachelor,Divorced,5
1205,Lori,Bates,56,Female,IT,System Administrator,42894,29,Master,Single,1
1206,Dawn,Ross,42,Male,Sales,Sales Executive,63148,0,Bachelor,Single,3
1207,John,Aguirre,28,Male,Engineering,QA Engineer,66368,0,Bachelor,Single,3
1208,David,Allen,47,Male,Sales,Sales Executive,74965,10,High School,Divorced,5
1209,Sherry,Nelson,39,Non-Binary,Customer Service,Call Center Rep,86466,6,PhD,Married,4
1210,Craig,Hunt,32,Non-Binary,HR,HR Manager,99738,7,Bachelor,Single,2
1211,Jacqueline,Nelson,38,Non-Binary,Sales,Sales Executive,97775,1,PhD,Divorced,4
1212,Jose,Park,32,Female,Customer Service,Support Specialist,119160,4,Bachelor,Married,5
1213,Nicole,Edwards,53,Female,HR,Recruiter,54642,10,Bachelor,Married,1
1214,Shawn,Stone,30,Female,Marketing,SEO Specialist,106089,5,High School,Married,2
1215,Julie,Martin,31,Male,IT,Network Engineer,111383,1,PhD,Divorced,5
1216,Janet,Hunt,53,Male,Engineering,Software Engineer,96992,3,Master,Divorced,2
1217,Guy,Beasley,48,Male,Finance,Accountant,82206,28,Bachelor,Single,2
1218,Brian,Diaz,51,Non-Binary,IT,IT Manager,112732,23,High School,Divorced,1
1219,Chris,Richardson,36,Male,Marketing,SEO Specialist,98370,11,Bachelor,Married,1
1220,Wendy,Johnson,47,Non-Binary,Finance,Financial Analyst,70199,13,PhD,Divorced,5
1221,Edward,Parsons,60,Female,IT,Network Engineer,81090,28,PhD,Divorced,5
1222,Richard,Pierce,24,Non-Binary,IT,IT Manager,94993,2,High School,Divorced,1
1223,Tiffany,Evans,51,Non-Binary,Engineering,Software Engineer,99088,18,Bachelor,Single,5
1224,Karla,Rowland,48,Male,HR,Recruiter,101702,10,Master,Divorced,1
1225,Matthew,Oneal,27,Female,Customer Service,Support Specialist,61354,3,Bachelor,Married,2
1226,John,Davila,60,Female,Customer Service,Support Specialist,54439,11,PhD,Married,3
1227,Karen,Paul,60,Female,HR,HR Manager,66362,16,Master,Married,5
1228,Adrian,Bowen,58,Male,Marketing,Marketing Analyst,98485,24,PhD,Divorced,3
1229,Luis,Allen,30,Non-Binary,HR,Recruiter,113754,2,High School,Married,3
1230,Joshua,Mendoza,31,Non-Binary,IT,Network Engineer,53250,10,Master,Married,3
1231,Samantha,Gay,25,Non-Binary,IT,IT Manager,40330,2,Master,Single,4
1232,Alice,Foster,52,Non-Binary,Marketing,SEO Specialist,55920,7,High School,Single,5
1233,Derrick,Bowman,56,Male,Engineering,QA Engineer,45753,16,Master,Single,5
1234,Mary,Roberts,49,Female,Finance,Accountant,118725,5,PhD,Divorced,1
1235,Nicole,Wilkerson,41,Female,IT,IT Manager,54531,6,High School,Married,1
1236,Gabrielle,Hill,39,Male,Engineering,QA Engineer,49200,12,Bachelor,Single,3
1237,Joshua,Price,28,Female,Sales,Sales Associate,115761,2,Bachelor,Married,1
1238,Stephanie,Green,56,Male,HR,HR Manager,115470,6,PhD,Single,3
1239,Theodore,Price,23,Female,Marketing,Marketing Analyst,81707,2,PhD,Married,1
1240,Shirley,Salinas,37,Male,Sales,Sales Associate,86810,1,PhD,Divorced,2
1241,Rebecca,Wade,54,Non-Binary,Engineering,DevOps Engineer,100457,19,Master,Divorced,5
1242,Andrew,Carpenter,21,Female,Sales,Sales Executive,49395,1,PhD,Married,3
1243,Charles,Keith,41,Male,Marketing,SEO Specialist,99009,5,PhD,Single,4
1244,William,Heath,44,Female,Finance,Accountant,66055,12,High School,Married,1
1245,Christopher,Mahoney,31,Male,HR,HR Manager,65443,8,Master,Single,2
1246,Vanessa,Clark,39,Female,Marketing,SEO Specialist,106058,7,Bachelor,Divorced,2
1247,Justin,Duran,24,Male,HR,HR Manager,98479,0,Master,Divorced,1
1248,Brittany,Thompson,26,Male,IT,System Administrator,88701,3,PhD,Single,3
1249,Timothy,Walker,36,Female,IT,System Administrator,45018,9,Bachelor,Single,3
1250,Diana,Le,49,Male,Sales,Sales Executive,98216,25,PhD,Divorced,5
1251,Riley,Mathis,53,Male,Sales,Sales Associate,100567,25,Master,Married,3
1252,Daniel,Martinez,60,Male,HR,HR Manager,116430,3,PhD,Married,5
1253,Laura,Taylor,36,Female,Engineering,DevOps Engineer,70424,11,High School,Married,5
1254,Seth,Taylor,25,Female,Engineering,Software Engineer,42817,1,PhD,Married,2
1255,Brianna,Green,43,Male,Marketing,SEO Specialist,118731,17,Master,Married,5
1256,Deborah,Mcintyre,45,Female,HR,Recruiter,111398,17,Bachelor,Divorced,5
1257,Eric,Kemp,34,Non-Binary,Finance,Financial Analyst,98764,8,PhD,Single,2
1258,Thomas,Martinez,32,Female,Customer Service,Support Specialist,83174,5,Master,Married,4
1259,Samuel,Roth,42,Female,IT,IT Manager,54546,8,Bachelor,Single,5
1260,Megan,Gonzales,23,Non-Binary,HR,Recruiter,56302,2,Bachelor,Divorced,2
1261,Amanda,Mcconnell,46,Non-Binary,Engineering,QA Engineer,117422,23,High School,Married,1
1262,Kayla,Weaver,55,Male,Marketing,SEO Specialist,108897,18,High School,Divorced,4
1263,Danielle,Berry,24,Male,Engineering,QA Engineer,101706,2,Bachelor,Single,4
1264,Mary,Ferguson,26,Female,Finance,Financial Analyst,59067,1,High School,Single,3
1265,Brandi,Smith,33,Female,Finance,Financial Analyst,108284,5,PhD,Divorced,3
1266,Miguel,Smith,48,Non-Binary,Customer Service,Support Specialist,85624,9,Bachelor,Single,2
1267,Jamie,Richardson,58,Female,Sales,Sales Executive,45121,23,Master,Single,4
1268,Mark,Allen,57,Non-Binary,Engineering,DevOps Engineer,94556,29,PhD,Divorced,4
1269,Christian,Sandoval,36,Female,IT,System Administrator,112129,6,PhD,Married,5
1270,Luis,Murphy,55,Male,Engineering,DevOps Engineer,60414,27,Master,Married,2
1271,Thomas,Hickman,27,Non-Binary,HR,HR Manager,89851,2,Bachelor,Divorced,3
1272,Timothy,Williams,59,Non-Binary,Engineering,DevOps Engineer,69623,14,High School,Married,3
1273,Anna,Rowe,30,Male,Marketing,SEO Specialist,98090,9,Bachelor,Married,3
1274,Shawn,Pham,21,Non-Binary,Engineering,QA Engineer,101462,0,Master,Divorced,2
1275,Daniel,Madden,51,Non-Binary,Customer Service,Support Specialist,63403,6,Bachelor,Single,3
1276,Sherry,Wilson,39,Female,Sales,Sales Associate,114682,13,Bachelor,Married,5
1277,Kelly,Fuller,47,Male,IT,Network Engineer,113067,5,Bachelor,Single,1
1278,Jessica,Edwards,37,Female,Sales,Sales Executive,90564,10,PhD,Divorced,3
1279,Susan,Tapia,31,Female,IT,IT Manager,78007,5,PhD,Single,1
1280,Benjamin,Daniels,36,Female,Finance,Financial Analyst,91914,14,High School,Single,5
1281,Michelle,Davis,37,Male,HR,HR Manager,76001,0,Master,Divorced,1
1282,Kristy,Medina,45,Male,IT,System Administrator,71900,7,Master,Married,4
1283,Angela,Moore,59,Non-Binary,Customer Service,Call Center Rep,63195,28,High School,Single,2
1284,Victor,Ruiz,53,Female,HR,Recruiter,101379,14,High School,Married,1
1285,Victoria,Wolf,22,Non-Binary,IT,IT Manager,45505,2,Master,Divorced,5
1286,Laura,Cobb,33,Non-Binary,IT,Network Engineer,66705,6,High School,Married,1
1287,Amber,Wood,23,Male,Customer Service,Call Center Rep,97296,3,Master,Divorced,4
1288,Travis,Hartman,44,Non-Binary,Customer Service,Support Specialist,44193,5,Master,Married,3
1289,Austin,Villegas,24,Female,Engineering,QA Engineer,110792,3,PhD,Single,1
1290,Lauren,Huff,40,Female,Customer Service,Support Specialist,97033,9,PhD,Single,1
1291,Christopher,Murphy,53,Male,Finance,Financial Analyst,114629,7,High School,Divorced,3
1292,Melissa,Campos,26,Non-Binary,HR,HR Manager,73402,6,Master,Divorced,3
1293,Thomas,Gardner,49,Male,Sales,Sales Associate,60811,2,Bachelor,Divorced,3
1294,Cassandra,Porter,23,Male,Engineering,DevOps Engineer,61091,0,High School,Divorced,1
1295,Kimberly,Nolan,23,Female,Sales,Sales Executive,85891,0,High School,Divorced,1
1296,Joshua,Mckinney,44,Non-Binary,Finance,Financial Analyst,83356,2,Bachelor,Divorced,4
1297,Joshua,Brown,30,Male,Engineering,QA Engineer,93096,0,Master,Divorced,3
1298,Steven,Robinson,23,Non-Binary,Engineering,QA Engineer,92093,2,PhD,Married,3
1299,Valerie,Chen,48,Female,Finance,Accountant,59754,11,High School,Married,3
1300,Randy,Bridges,54,Female,IT,IT Manager,66491,10,PhD,Divorced,2
1301,John,Fletcher,30,Female,Sales,Sales Associate,64000,3,Master,Single,5
1302,Marc,Graham,49,Male,Marketing,SEO Specialist,76028,22,PhD,Single,1
1303,Carrie,Schmitt,59,Non-Binary,Sales,Sales Associate,68021,3,PhD,Single,3
1304,Sean,Moore,60,Male,Marketing,Marketing Analyst,54843,24,Bachelor,Divorced,4
1305,James,Rangel,21,Female,Customer Service,Call Center Rep,80742,1,Bachelor,Single,2
1306,Mark,Hays,26,Female,Finance,Accountant,106686,2,High School,Married,1
1307,Steven,Middleton,59,Non-Binary,Customer Service,Call Center Rep,102165,6,Master,Married,5
1308,Cassie,Robles,53,Male,Marketing,SEO Specialist,49387,16,PhD,Single,2
1309,William,Perkins,30,Non-Binary,Finance,Accountant,110318,10,Master,Married,2
1310,Jessica,Snyder,31,Female,Engineering,DevOps Engineer,91297,10,High School,Married,4
1311,Mary,Knight,60,Male,Customer Service,Support Specialist,72337,1,Master,Married,1
1312,Gabriel,Walker,27,Male,Sales,Sales Executive,69329,4,Master,Single,5
1313,Jessica,Long,40,Male,Customer Service,Support Specialist,109302,12,High School,Divorced,3
1314,Holly,Stone,57,Female,Marketing,SEO Specialist,80580,10,Master,Married,1
1315,Mark,Anderson,21,Female,HR,Recruiter,57452,0,Master,Married,1
1316,Tabitha,Lucas,49,Male,IT,Network Engineer,58826,27,High School,Divorced,1
1317,Angela,Morgan,31,Non-Binary,IT,Network Engineer,94895,2,Bachelor,Married,3
1318,Thomas,Carr,34,Non-Binary,Customer Service,Support Specialist,95087,1,Master,Divorced,1
1319,Paul,Franklin,27,Non-Binary,Finance,Financial Analyst,76637,1,Master,Married,5
1320,James,Gomez,50,Male,Marketing,SEO Specialist,82182,13,PhD,Married,1
1321,Hannah,Ramos,36,Male,Customer Service,Call Center Rep,98631,0,High School,Divorced,4
1322,Greg,Webster,40,Male,Finance,Financial Analyst,76893,10,Master,Married,5
1323,Shawn,Barry,27,Non-Binary,Finance,Accountant,49503,0,Master,Married,3
1324,Gregory,Garcia,45,Male,Engineering,Software Engineer,119427,14,Master,Divorced,2
1325,Kimberly,Perez,52,Female,Sales,Sales Executive,46026,15,PhD,Divorced,4
1326,Rhonda,Robertson,58,Female,Customer Service,Call Center Rep,115411,21,PhD,Single,2
1327,Bruce,Hogan,32,Male,Marketing,SEO Specialist,54682,10,High School,Divorced,4
1328,Miguel,Mcdonald,38,Non-Binary,Marketing,Marketing Analyst,100601,11,High School,Single,2
1329,David,Hernandez,35,Female,HR,Recruiter,45439,12,Bachelor,Married,1
1330,Hannah,Chen,60,Non-Binary,Sales,Sales Executive,101365,2,PhD,Divorced,1
1331,David,Thompson,31,Non-Binary,Customer Service,Support Specialist,72096,4,PhD,Divorced,3
1332,Peter,Anderson,34,Male,Marketing,SEO Specialist,69956,6,High School,Married,4
1333,Christie,Baker,56,Non-Binary,Sales,Sales Associate,114346,5,Master,Married,1
1334,Marilyn,Stevens,22,Female,Customer Service,Call Center Rep,51822,0,Bachelor,Single,1
1335,Brent,Carroll,44,Non-Binary,HR,Recruiter,58786,9,Bachelor,Married,4
1336,Justin,Maynard,21,Female,IT,Network Engineer,43456,1,High School,Single,1
1337,Francisco,Brown,33,Female,HR,Recruiter,75002,12,Bachelor,Divorced,2
1338,Mary,Sullivan,33,Non-Binary,Engineering,DevOps Engineer,53326,9,PhD,Divorced,3
1339,Pamela,Barrett,26,Non-Binary,Engineering,Software Engineer,110297,5,Bachelor,Divorced,5
1340,Kevin,Rangel,47,Male,Finance,Financial Analyst,53015,12,PhD,Single,3
1341,Tabitha,Brady,36,Female,Customer Service,Support Specialist,101443,11,High School,Single,5
1342,Jasmine,Barron,21,Male,Marketing,SEO Specialist,101033,0,PhD,Married,4
1343,Mary,Berger,53,Male,Customer Service,Call Center Rep,109178,9,High School,Married,1
1344,Brandi,Martin,60,Male,Finance,Accountant,56173,20,High School,Divorced,5
1345,Christina,Jones,39,Non-Binary,Finance,Accountant,45923,10,High School,Divorced,3
1346,Mark,Flores,55,Male,Marketing,SEO Specialist,57605,15,Master,Divorced,5
1347,Amanda,Smith,60,Male,Customer Service,Call Center Rep,75886,29,PhD,Single,3
1348,Anthony,Coleman,45,Female,IT,System Administrator,116340,0,Master,Single,5
1349,Glenn,Morris,50,Female,Sales,Sales Associate,60022,2,PhD,Married,1
1350,Curtis,Pratt,28,Female,Sales,Sales Executive,58658,1,PhD,Married,3
1351,Carmen,Bryan,22,Non-Binary,Engineering,QA Engineer,86447,1,Master,Single,2
1352,Shawn,Short,51,Non-Binary,IT,Network Engineer,50265,12,Master,Single,2
1353,Christina,George,27,Male,Finance,Accountant,63666,7,Master,Divorced,5
1354,Melissa,Fernandez,40,Non-Binary,Engineering,QA Engineer,40042,3,PhD,Divorced,1
1355,Sara,Garcia,30,Male,Finance,Accountant,44343,4,High School,Single,3
1356,Autumn,Griffith,56,Male,Customer Service,Call Center Rep,74652,5,PhD,Married,1
1357,Kayla,Cunningham,23,Non-Binary,HR,HR Manager,87645,3,Master,Single,3
1358,Erin,Hernandez,24,Male,Sales,Sales Executive,70354,3,PhD,Married,3
1359,John,Bryant,42,Female,IT,System Administrator,55329,10,High School,Married,5
1360,David,Tate,28,Female,Finance,Accountant,86976,8,Bachelor,Married,4
1361,Kyle,Moyer,28,Male,Sales,Sales Associate,61363,7,Bachelor,Single,5
1362,Jessica,Booth,22,Female,Marketing,SEO Specialist,79201,0,Master,Divorced,5
1363,Daniel,Fischer,40,Non-Binary,Sales,Sales Associate,41637,11,PhD,Married,4
1364,Joan,Torres,33,Female,HR,Recruiter,114525,3,Master,Divorced,4
1365,James,Villanueva,23,Male,Sales,Sales Executive,47553,0,High School,Divorced,3
1366,Amber,Lopez,50,Female,Finance,Accountant,78667,5,Bachelor,Divorced,3
1367,Steve,Carter,28,Female,IT,System Administrator,112469,7,Master,Divorced,3
1368,Robert,Oconnor,44,Female,Engineering,QA Engineer,45070,0,Bachelor,Divorced,5
1369,Jeanne,Brown,45,Female,IT,IT Manager,89942,5,High School,Single,5
1370,Tiffany,Lambert,41,Male,HR,Recruiter,40537,8,High School,Single,2
1371,Dana,Anderson,60,Female,Customer Service,Support Specialist,47956,14,Bachelor,Divorced,3
1372,Robert,Williamson,21,Non-Binary,Finance,Accountant,43656,1,High School,Single,4
1373,Anne,Hernandez,53,Female,HR,HR Manager,51472,29,Bachelor,Married,3
1374,Ian,Herring,43,Female,Engineering,QA Engineer,59759,9,PhD,Married,5
1375,Pamela,Brown,37,Female,Finance,Financial Analyst,83008,8,Bachelor,Divorced,4
1376,Eugene,Mata,21,Female,HR,Recruiter,55287,1,Master,Divorced,1
1377,Kimberly,Crawford,44,Non-Binary,Sales,Sales Executive,53418,6,PhD,Divorced,5
1378,William,Davis,22,Female,Marketing,Marketing Analyst,72748,1,High School,Divorced,5
1379,Rebecca,Gilbert,27,Female,Engineering,QA Engineer,80934,4,Bachelor,Married,2
1380,Charlene,Wiggins,53,Female,HR,HR Manager,99259,20,Master,Single,2
1381,Joseph,Jenkins,54,Non-Binary,Customer Service,Support Specialist,82217,19,PhD,Married,1
1382,Kelly,Mcclain,51,Male,Sales,Sales Associate,53531,2,PhD,Married,3
1383,Kelly,Morgan,27,Male,Engineering,QA Engineer,54793,6,Bachelor,Married,3
1384,Amy,Roberts,52,Male,Marketing,Marketing Analyst,62417,7,Master,Single,1
1385,Kristen,Mcclain,24,Female,Sales,Sales Executive,70645,4,Bachelor,Single,3
1386,Mallory,Morgan,48,Female,Finance,Financial Analyst,103208,23,Master,Divorced,1
1387,Brianna,Pena,55,Male,HR,Recruiter,58524,13,High School,Married,2
1388,Brooke,Figueroa,58,Male,Marketing,SEO Specialist,90678,7,Bachelor,Single,4
1389,Joy,Jenkins,24,Non-Binary,HR,HR Manager,88188,3,Master,Married,1
1390,Wesley,Davis,38,Non-Binary,IT,IT Manager,89652,4,Bachelor,Married,4
1391,Carl,Shelton,33,Male,Customer Service,Support Specialist,52264,12,PhD,Divorced,2
1392,Sandra,Marshall,57,Male,HR,HR Manager,87007,22,Master,Married,3
1393,Donna,Clark,39,Male,Finance,Financial Analyst,79450,17,Bachelor,Divorced,2
1394,Justin,Smith,46,Female,IT,System Administrator,90605,23,PhD,Married,2
1395,Timothy,Shepard,58,Female,HR,Recruiter,72830,14,Bachelor,Married,1
1396,Robert,Perez,38,Male,Finance,Accountant,104559,4,PhD,Single,3
1397,Allison,Coleman,50,Male,Sales,Sales Associate,73263,17,High School,Divorced,3
1398,Tina,Mercado,34,Male,Customer Service,Call Center Rep,88131,11,Master,Married,2
1399,Keith,Cortez,23,Female,IT,Network Engineer,72689,2,Bachelor,Divorced,3
1400,Jessica,Gardner,45,Male,IT,IT Manager,53152,4,PhD,Single,1
1401,Keith,Le,33,Non-Binary,Sales,Sales Executive,106391,9,High School,Married,5
1402,Justin,Miller,53,Non-Binary,Finance,Financial Analyst,82547,2,PhD,Single,5
1403,Tara,Nguyen,46,Male,HR,Recruiter,64004,25,PhD,Single,4
1404,Karen,Grant,25,Non-Binary,Engineering,QA Engineer,85583,3,Master,Single,4
1405,Elizabeth,Martin,46,Male,HR,HR Manager,65581,2,Master,Single,1
1406,Melissa,Fisher,27,Non-Binary,Finance,Financial Analyst,79487,4,High School,Divorced,3
1407,Derek,Bailey,36,Non-Binary,Sales,Sales Executive,70059,11,High School,Single,2
1408,Cassandra,Miles,59,Female,Sales,Sales Executive,108041,18,High School,Divorced,3
1409,Michelle,Owens,58,Male,HR,Recruiter,40530,12,High School,Married,5
1410,Richard,Russell,54,Non-Binary,HR,HR Manager,117170,11,High School,Divorced,5
1411,Walter,Ibarra,39,Female,HR,Recruiter,50300,17,High School,Single,1
1412,Evelyn,Savage,46,Non-Binary,Engineering,DevOps Engineer,98130,17,Bachelor,Married,2
1413,Michael,Willis,58,Non-Binary,IT,IT Manager,99210,24,High School,Divorced,2
1414,Chelsea,Booth,23,Non-Binary,Customer Service,Call Center Rep,43926,1,PhD,Married,5
1415,Paul,Morton,22,Male,IT,System Administrator,75001,1,Master,Single,3
1416,Brandy,Paul,22,Female,Marketing,SEO Specialist,93669,1,Bachelor,Married,5
1417,Michael,Brown,57,Non-Binary,Finance,Financial Analyst,55339,3,PhD,Single,1
1418,Jennifer,Kelley,43,Female,Customer Service,Support Specialist,71495,7,Master,Married,2
1419,Nicole,Bishop,22,Female,IT,Network Engineer,95694,0,High School,Single,1
1420,Roger,Grant,26,Non-Binary,IT,System Administrator,86619,1,Bachelor,Divorced,4
1421,Chad,Russell,43,Non-Binary,Customer Service,Call Center Rep,90280,18,PhD,Divorced,4
1422,Tracey,Ray,23,Female,Customer Service,Call Center Rep,59967,2,Bachelor,Single,1
1423,George,Johnson,24,Non-Binary,Sales,Sales Executive,46876,3,Bachelor,Single,3
1424,Daniel,Frazier,42,Female,Customer Service,Support Specialist,67659,0,High School,Single,1
1425,Sandra,Dean,58,Non-Binary,Customer Service,Call Center Rep,102749,28,Bachelor,Married,1
1426,Maria,Carlson,33,Female,HR,HR Manager,89694,9,High School,Single,2
1427,Jason,Snyder,32,Male,IT,Network Engineer,88083,8,PhD,Divorced,1
1428,Jordan,Pugh,31,Non-Binary,Marketing,Marketing Analyst,84207,0,PhD,Married,1
1429,Scott,Warren,54,Female,Sales,Sales Executive,48914,12,PhD,Married,1
1430,Tina,Buchanan,51,Female,Engineering,QA Engineer,96481,8,Master,Divorced,3
1431,Anne,Downs,38,Female,IT,IT Manager,105482,8,PhD,Single,3
1432,Shelley,Hernandez,41,Male,Marketing,Marketing Analyst,104315,15,Bachelor,Single,2
1433,Kathleen,Mcintosh,46,Male,Finance,Financial Analyst,77085,11,High School,Married,4
1434,Paul,Gross,47,Non-Binary,Finance,Financial Analyst,68011,22,High School,Married,5
1435,Robert,Nichols,24,Non-Binary,Marketing,Marketing Analyst,107537,3,Master,Divorced,2
1436,Ashley,Chapman,35,Male,Marketing,SEO Specialist,81141,14,Bachelor,Single,1
1437,Desiree,Cruz,53,Non-Binary,Engineering,DevOps Engineer,104485,12,PhD,Single,1
1438,Tiffany,Thompson,48,Female,Engineering,QA Engineer,108889,17,High School,Single,5
1439,Ashley,Hall,49,Female,Marketing,SEO Specialist,74856,15,PhD,Divorced,4
1440,Patricia,Burnett,44,Female,Marketing,Marketing Analyst,113805,8,PhD,Single,5
1441,William,Rodriguez,36,Male,Engineering,QA Engineer,103047,13,Bachelor,Single,4
1442,Stacy,Brown,52,Non-Binary,HR,HR Manager,74031,3,High School,Single,1
1443,Richard,Wheeler,29,Non-Binary,Marketing,SEO Specialist,93854,0,Bachelor,Divorced,3
1444,Dustin,Underwood,51,Female,Customer Service,Support Specialist,73224,0,Bachelor,Married,2
1445,Joanne,Duncan,49,Male,Finance,Accountant,50540,16,Bachelor,Married,5
1446,Kristen,Carrillo,46,Non-Binary,Marketing,Marketing Analyst,40888,23,Bachelor,Married,1
1447,Erika,Brown,34,Non-Binary,HR,HR Manager,71483,5,PhD,Married,1
1448,Jim,Henry,56,Female,Engineering,QA Engineer,49890,13,Master,Single,4
1449,Carla,Diaz,49,Female,IT,System Administrator,86953,11,High School,Married,1
1450,Ian,Chandler,34,Female,Engineering,Software Engineer,118305,1,Master,Single,4
1451,Samantha,Gross,21,Non-Binary,Finance,Financial Analyst,51810,0,Bachelor,Married,3
1452,Kyle,Ford,50,Male,Sales,Sales Associate,101354,12,High School,Divorced,5
1453,Wendy,Butler,49,Male,Sales,Sales Associate,99150,18,Master,Divorced,2
1454,Jason,Cordova,30,Female,Marketing,SEO Specialist,80356,9,High School,Married,4
1455,Robert,Franklin,27,Female,Marketing,Marketing Analyst,84124,1,Bachelor,Single,2
1456,David,Harrison,36,Male,Sales,Sales Executive,52710,1,High School,Married,3
1457,John,Bowen,28,Female,Finance,Financial Analyst,70333,6,High School,Single,5
1458,Theresa,Cohen,21,Male,IT,IT Manager,59842,1,High School,Divorced,4
1459,Jose,Marquez,43,Male,Sales,Sales Executive,69385,8,Master,Divorced,1
1460,Timothy,Wilson,29,Female,Customer Service,Support Specialist,74959,2,PhD,Married,4
1461,Jonathan,Tanner,41,Non-Binary,Engineering,DevOps Engineer,71084,18,Bachelor,Married,1
1462,Charles,Graham,47,Female,HR,Recruiter,57619,16,PhD,Married,1
1463,Heather,Taylor,45,Non-Binary,HR,HR Manager,89317,6,Master,Married,2
1464,Leah,Mcmahon,44,Female,Finance,Financial Analyst,71294,20,Bachelor,Single,1
1465,Marcus,Adams,48,Non-Binary,Sales,Sales Associate,98462,8,High School,Single,4
1466,Andre,Lawrence,29,Female,Finance,Accountant,116000,6,PhD,Single,5
1467,Mitchell,Hale,50,Non-Binary,HR,HR Manager,86174,6,Bachelor,Married,4
1468,Stephen,Beltran,56,Male,Marketing,Marketing Analyst,93642,2,Master,Single,5
1469,Sharon,Brown,59,Non-Binary,Engineering,QA Engineer,113810,22,High School,Single,4
1470,Douglas,Scott,48,Female,HR,HR Manager,66654,26,Bachelor,Divorced,3
1471,Andrew,Gross,43,Non-Binary,Marketing,SEO Specialist,62681,17,Master,Single,3
1472,Barry,Finley,47,Non-Binary,Customer Service,Support Specialist,62550,8,PhD,Divorced,1
1473,Keith,Lee,49,Male,Customer Service,Support Specialist,81755,2,PhD,Divorced,4
1474,Jeremy,Estrada,36,Male,Engineering,Software Engineer,65387,12,Bachelor,Single,4
1475,Christina,Walters,33,Non-Binary,Engineering,DevOps Engineer,70046,1,Bachelor,Divorced,4
1476,Lauren,Rodriguez,21,Non-Binary,Engineering,QA Engineer,82483,0,PhD,Divorced,5
1477,Nathaniel,Harvey,46,Male,Engineering,QA Engineer,77251,23,Bachelor,Married,4
1478,Heather,Reed,27,Non-Binary,Sales,Sales Associate,84582,3,PhD,Divorced,1
1479,James,Moreno,48,Male,Sales,Sales Associate,102735,26,Master,Divorced,1
1480,Alyssa,Jones,27,Female,IT,Network Engineer,102122,6,Master,Divorced,5
1481,Matthew,Wagner,31,Non-Binary,Finance,Accountant,66605,11,Bachelor,Single,3
1482,Aaron,Edwards,53,Non-Binary,Finance,Accountant,48241,4,Bachelor,Divorced,2
1483,Kelly,Walker,34,Non-Binary,HR,HR Manager,56845,12,Bachelor,Divorced,2
1484,Shane,Bailey,30,Male,IT,IT Manager,119618,7,High School,Single,3
1485,Ashley,Fisher,25,Male,Engineering,QA Engineer,96657,1,PhD,Married,2
1486,Crystal,Henry,55,Non-Binary,Engineering,DevOps Engineer,77302,4,Bachelor,Single,5
1487,Michelle,Atkinson,32,Male,Customer Service,Call Center Rep,87998,3,Bachelor,Married,3
1488,Candace,Roberson,30,Female,HR,Recruiter,110673,3,High School,Divorced,1
1489,Daniel,Gonzales,42,Male,Finance,Accountant,99857,17,Master,Single,2
1490,Seth,Peterson,42,Female,Finance,Accountant,100320,9,PhD,Married,4
1491,Samantha,Hill,60,Non-Binary,Sales,Sales Executive,110828,30,PhD,Divorced,2
1492,Larry,Rivera,32,Male,Customer Service,Support Specialist,58755,7,High School,Married,3
1493,Paul,Simon,43,Male,Engineering,DevOps Engineer,72158,1,High School,Married,3
1494,Kaitlyn,Berry,48,Male,HR,HR Manager,59773,20,High School,Divorced,4
1495,Barbara,Harris,47,Male,Customer Service,Call Center Rep,85536,22,Master,Divorced,3
1496,Charles,Knight,30,Non-Binary,Customer Service,Call Center Rep,113397,8,Bachelor,Divorced,2
1497,Jeanette,Hicks,21,Female,IT,Network Engineer,90033,1,Bachelor,Married,1
1498,Jasmine,Jones,55,Male,Finance,Financial Analyst,49606,24,Master,Divorced,1
1499,Joshua,Johnston,37,Male,Customer Service,Call Center Rep,45557,15,Bachelor,Single,3
1500,David,Lopez,26,Non-Binary,Sales,Sales Associate,67871,6,Master,Single,3
1501,Heather,Ross,29,Female,IT,System Administrator,75506,5,High School,Married,1
1502,Crystal,Glenn,35,Female,IT,IT Manager,48414,0,High School,Single,1
1503,Michele,Kim,35,Non-Binary,Finance,Financial Analyst,108682,1,PhD,Divorced,4
1504,April,Weaver,51,Female,IT,IT Manager,51399,30,High School,Single,2
1505,Philip,Robinson,58,Non-Binary,Marketing,SEO Specialist,105731,3,Bachelor,Divorced,3
1506,Christian,Cabrera,34,Male,Marketing,Marketing Analyst,68513,8,Bachelor,Married,5
1507,Jill,Cruz,36,Male,Finance,Accountant,66615,3,Master,Married,1
1508,Jennifer,Vincent,26,Non-Binary,Engineering,Software Engineer,102850,2,Bachelor,Single,2
1509,William,Moreno,56,Female,Customer Service,Call Center Rep,109340,10,PhD,Married,4
1510,Edward,Whitehead,45,Male,Customer Service,Support Specialist,78174,6,High School,Single,2
1511,James,Jackson,40,Male,Marketing,Marketing Analyst,64574,3,High School,Married,1
1512,Christopher,Lewis,34,Non-Binary,HR,HR Manager,114669,13,High School,Single,1
1513,Bradley,Reynolds,47,Non-Binary,Engineering,Software Engineer,98926,1,High School,Single,3
1514,Catherine,Ramirez,38,Male,Marketing,Marketing Analyst,65064,15,High School,Single,3
1515,Melissa,Hull,37,Female,IT,Network Engineer,74421,15,PhD,Married,2
1516,Michele,Jones,43,Male,Finance,Financial Analyst,52236,13,High School,Single,5
1517,Savannah,Gutierrez,51,Male,IT,System Administrator,89798,10,Master,Married,3
1518,Jennifer,Dennis,52,Male,HR,HR Manager,117029,23,Master,Divorced,4
1519,Shawn,Harris,37,Male,Customer Service,Support Specialist,98813,4,Bachelor,Divorced,1
1520,Susan,Mullins,21,Female,HR,HR Manager,113517,0,PhD,Single,4
1521,Melinda,Jones,50,Non-Binary,Sales,Sales Executive,78924,0,Master,Single,4
1522,Brandon,Anderson,27,Female,Engineering,Software Engineer,104300,5,PhD,Single,5
1523,Charles,Gay,51,Male,Customer Service,Call Center Rep,109395,1,High School,Married,1
1524,Kristin,Lambert,24,Non-Binary,IT,System Administrator,58231,2,High School,Single,1
1525,David,Jackson,56,Male,IT,IT Manager,49470,10,Bachelor,Single,1
1526,Kristina,Mendez,37,Male,Finance,Accountant,65408,14,Bachelor,Divorced,5
1527,Daniel,Wilson,51,Female,Customer Service,Call Center Rep,72420,24,PhD,Divorced,4
1528,Gary,Fox,31,Non-Binary,Engineering,DevOps Engineer,116951,6,Master,Married,3
1529,Andrew,Rocha,56,Male,Engineering,QA Engineer,46073,28,Bachelor,Single,5
1530,Dawn,Chavez,42,Male,Customer Service,Support Specialist,103830,11,Master,Divorced,4
1531,Michelle,Jimenez,57,Non-Binary,HR,Recruiter,51532,4,High School,Divorced,4
1532,Stephen,Higgins,50,Female,Sales,Sales Associate,73200,27,Master,Single,5
1533,Michelle,Williams,35,Non-Binary,Engineering,QA Engineer,71037,3,PhD,Single,2
1534,Heather,Ortiz,24,Non-Binary,HR,HR Manager,96774,4,High School,Married,1
1535,Caleb,Fernandez,43,Non-Binary,IT,Network Engineer,68857,0,Master,Married,4
1536,Jerry,Miranda,49,Male,Finance,Accountant,92731,9,High School,Married,3
1537,Brittany,Stevens,47,Female,Customer Service,Call Center Rep,79684,8,PhD,Single,1
1538,Jacob,Charles,42,Non-Binary,Finance,Accountant,117013,5,Bachelor,Single,5
1539,Jennifer,Dodson,48,Female,Finance,Financial Analyst,67764,14,PhD,Married,2
1540,Luis,Lewis,59,Male,HR,HR Manager,45497,12,Bachelor,Single,2
1541,Matthew,Simpson,45,Non-Binary,Sales,Sales Executive,52705,9,Master,Married,2
1542,Miranda,Pennington,51,Female,IT,System Administrator,50096,9,Master,Married,1
1543,Dillon,Bryant,32,Male,IT,IT Manager,56000,10,High School,Single,3
1544,Patricia,Briggs,35,Female,Finance,Financial Analyst,102695,8,High School,Married,1
1545,Alexander,Gray,25,Non-Binary,IT,Network Engineer,58654,1,High School,Single,1
1546,Nicole,Scott,53,Non-Binary,Marketing,Marketing Analyst,84135,11,High School,Divorced,3
1547,Benjamin,Schultz,36,Non-Binary,Sales,Sales Executive,78022,0,PhD,Divorced,3
1548,Robert,Wright,33,Male,Marketing,SEO Specialist,78957,7,High School,Single,1
1549,Edward,Ramirez,29,Female,IT,System Administrator,113012,9,Master,Single,2
1550,Keith,Mccormick,27,Non-Binary,Customer Service,Support Specialist,53815,1,High School,Married,3
1551,Richard,Booth,55,Non-Binary,IT,System Administrator,103700,30,High School,Single,4
1552,Barbara,Larsen,26,Male,Engineering,DevOps Engineer,56219,1,High School,Divorced,2
1553,James,Dorsey,33,Male,Marketing,SEO Specialist,104552,3,Master,Divorced,2
1554,Zachary,Nelson,25,Male,Marketing,Marketing Analyst,114631,3,High School,Divorced,5
1555,Katrina,Romero,60,Female,Marketing,Marketing Analyst,105969,16,Master,Divorced,1
1556,Jeremy,Gonzalez,50,Male,Customer Service,Support Specialist,80898,6,PhD,Married,1
1557,Anthony,Morrow,40,Male,Finance,Accountant,113686,1,Bachelor,Single,3
1558,Clayton,Erickson,25,Male,Marketing,Marketing Analyst,50867,3,Bachelor,Divorced,3
1559,Manuel,Kim,38,Non-Binary,Engineering,DevOps Engineer,114623,17,High School,Single,1
1560,Sheila,Miller,49,Male,Sales,Sales Executive,50865,3,PhD,Married,5
1561,James,Lee,53,Male,Finance,Accountant,89104,20,Bachelor,Divorced,3
1562,Sherry,Richards,45,Non-Binary,Engineering,QA Engineer,40623,24,High School,Divorced,3
1563,Sarah,Thompson,29,Female,IT,IT Manager,48817,5,High School,Single,4
1564,Cynthia,Pitts,31,Non-Binary,Customer Service,Call Center Rep,41142,10,PhD,Single,4
1565,Charles,Torres,59,Female,Sales,Sales Executive,63479,5,Bachelor,Divorced,4
1566,Melissa,Thomas,24,Female,Engineering,QA Engineer,40586,0,High School,Single,4
1567,Gary,Martinez,59,Male,Sales,Sales Associate,113682,14,Bachelor,Married,1
1568,Joseph,White,34,Female,HR,Recruiter,87083,12,Master,Married,5
1569,Ashley,Collins,35,Non-Binary,Engineering,Software Engineer,50610,10,PhD,Divorced,2
1570,Christopher,Berry,24,Male,Marketing,Marketing Analyst,61584,4,Master,Divorced,3
1571,Tracy,Guerra,29,Non-Binary,Sales,Sales Associate,46609,7,PhD,Divorced,5
1572,William,Hester,47,Female,Customer Service,Call Center Rep,119587,26,Bachelor,Divorced,2
1573,Amanda,Burnett,60,Female,Finance,Financial Analyst,53395,26,High School,Divorced,5
1574,Joanne,Stokes,23,Non-Binary,Sales,Sales Associate,92083,2,PhD,Single,4
1575,Anna,Cherry,33,Female,Finance,Accountant,44866,3,Master,Single,2
1576,Eduardo,Jones,59,Non-Binary,Finance,Accountant,58721,23,High School,Married,3
1577,Samantha,Klein,38,Non-Binary,IT,Network Engineer,63636,15,High School,Divorced,3
1578,Sydney,Pearson,53,Male,Customer Service,Call Center Rep,59685,13,Master,Married,3
1579,Glenda,Watson,29,Female,Engineering,Software Engineer,119809,0,Bachelor,Single,3
1580,Victoria,Harrison,35,Non-Binary,Marketing,Marketing Analyst,44841,3,PhD,Single,1
1581,Brent,Wise,39,Female,Marketing,SEO Specialist,41074,4,PhD,Divorced,1
1582,Carrie,Curtis,49,Female,Customer Service,Call Center Rep,58332,21,High School,Single,3
1583,Derrick,Ramirez,21,Male,HR,Recruiter,81021,0,High School,Married,2
1584,Christopher,Key,47,Non-Binary,Sales,Sales Associate,119356,27,PhD,Single,4
1585,Donna,Jordan,47,Non-Binary,Finance,Financial Analyst,88202,15,High School,Divorced,2
1586,Wanda,Manning,24,Female,HR,Recruiter,51777,4,PhD,Single,1
1587,Katelyn,Ware,42,Non-Binary,Finance,Financial Analyst,82797,12,PhD,Married,4
1588,Wendy,Rodriguez,52,Male,HR,HR Manager,68297,13,High School,Married,5
1589,Richard,Taylor,31,Male,IT,Network Engineer,61828,11,High School,Single,3
1590,Sharon,Barton,41,Male,Customer Service,Support Specialist,72386,21,High School,Married,5
1591,Paula,Combs,35,Female,HR,HR Manager,119737,2,High School,Married,5
1592,Mary,Vargas,60,Male,Finance,Accountant,110187,5,PhD,Single,1
1593,Derek,Gates,45,Female,Engineering,QA Engineer,55791,4,PhD,Single,5
1594,Christopher,Smith,49,Non-Binary,Marketing,SEO Specialist,68313,17,Bachelor,Single,1
1595,Cory,Hall,58,Female,Finance,Accountant,115741,24,Master,Divorced,2
1596,Kathryn,Powell,44,Female,Marketing,Marketing Analyst,97156,18,Master,Divorced,4
1597,Dwayne,Jackson,28,Female,Marketing,Marketing Analyst,70022,1,PhD,Divorced,2
1598,Daniel,Hernandez,57,Male,Finance,Financial Analyst,106323,18,High School,Married,3
1599,Victoria,Potts,40,Female,Finance,Financial Analyst,79815,17,Bachelor,Married,2
1600,Sergio,Kennedy,32,Female,IT,System Administrator,80805,1,Master,Single,2
1601,Kristie,Thomas,58,Female,Marketing,Marketing Analyst,85395,14,Master,Divorced,2
1602,Dawn,Taylor,58,Male,HR,Recruiter,87662,24,Master,Married,3
1603,Deborah,Brown,55,Non-Binary,Finance,Financial Analyst,102226,30,High School,Single,3
1604,Denise,Clark,37,Non-Binary,Customer Service,Support Specialist,90229,1,PhD,Married,2
1605,David,Ward,24,Non-Binary,IT,Network Engineer,82099,1,High School,Single,2
1606,Cory,Jones,57,Female,Marketing,Marketing Analyst,89117,15,PhD,Divorced,2
1607,Andrea,Ramos,42,Female,IT,IT Manager,81303,12,PhD,Divorced,5
1608,John,Smith,25,Non-Binary,Customer Service,Call Center Rep,109540,4,Bachelor,Divorced,4
1609,Misty,Carter,57,Male,Marketing,Marketing Analyst,118401,17,PhD,Single,2
1610,Steven,Gonzalez,31,Non-Binary,Finance,Financial Analyst,96361,6,Master,Divorced,4
1611,Melissa,Porter,58,Male,Engineering,Software Engineer,40228,2,Master,Divorced,5
1612,Nathaniel,Rowland,56,Male,IT,System Administrator,89248,28,Master,Single,1
1613,Angela,White,25,Male,Sales,Sales Executive,57833,2,PhD,Divorced,4
1614,Erin,Savage,22,Female,Finance,Accountant,58945,0,PhD,Married,2
1615,Nicole,Carter,30,Female,Sales,Sales Executive,90524,3,PhD,Single,5
1616,Alexis,Cole,38,Non-Binary,Finance,Accountant,62603,0,Bachelor,Married,2
1617,Carla,Pugh,45,Non-Binary,Marketing,SEO Specialist,69830,19,Bachelor,Divorced,2
1618,David,Massey,26,Female,Sales,Sales Associate,41945,3,Master,Married,4
1619,Sergio,Jackson,56,Male,Customer Service,Support Specialist,47239,22,Bachelor,Divorced,3
1620,Melissa,Allen,60,Male,Customer Service,Call Center Rep,42249,11,PhD,Divorced,4
1621,Alexandra,Frank,41,Female,Sales,Sales Executive,86274,4,Bachelor,Divorced,1
1622,Mark,Wiley,46,Female,HR,Recruiter,65363,7,High School,Divorced,5
1623,Daniel,Golden,58,Non-Binary,Engineering,Software Engineer,77741,17,PhD,Married,1
1624,William,Hernandez,45,Female,HR,Recruiter,111703,8,PhD,Married,4
1625,Virginia,Medina,45,Female,Sales,Sales Executive,58337,17,Bachelor,Divorced,1
1626,Jane,Santos,37,Female,Engineering,QA Engineer,112786,1,High School,Divorced,3
1627,Michael,Powell,57,Female,Sales,Sales Executive,72253,15,PhD,Divorced,3
1628,Tammy,Adams,24,Male,Marketing,Marketing Analyst,57051,3,Master,Single,2
1629,Tyler,Clark,26,Male,HR,HR Manager,45027,1,Bachelor,Divorced,1
1630,Brianna,Adams,45,Non-Binary,Marketing,Marketing Analyst,81393,3,PhD,Married,2
1631,Evan,Long,36,Non-Binary,Engineering,Software Engineer,40783,8,PhD,Married,5
1632,Garrett,Gardner,29,Male,Engineering,QA Engineer,81743,6,PhD,Divorced,3
1633,Ruth,Bradley,56,Male,IT,Network Engineer,62806,22,PhD,Single,1
1634,Richard,Ellis,45,Female,IT,IT Manager,94434,7,Master,Single,2
1635,Collin,Miranda,57,Non-Binary,HR,Recruiter,115574,23,Bachelor,Divorced,3
1636,Erica,Matthews,59,Male,Finance,Financial Analyst,88137,16,High School,Divorced,4
1637,Stephen,Cook,25,Female,HR,Recruiter,84191,2,High School,Single,1
1638,Robin,Bush,26,Female,Engineering,DevOps Engineer,51167,1,Bachelor,Married,4
1639,Jennifer,Martin,35,Non-Binary,Sales,Sales Executive,108827,5,Master,Divorced,5
1640,Melissa,Berger,26,Male,Customer Service,Support Specialist,63333,6,PhD,Single,5
1641,Richard,Perez,41,Non-Binary,IT,Network Engineer,55868,14,PhD,Married,3
1642,Adam,Melton,30,Non-Binary,Marketing,Marketing Analyst,51313,5,High School,Married,4
1643,Garrett,Fitzgerald,45,Female,Sales,Sales Associate,46537,12,Master,Single,5
1644,Andrew,Mueller,60,Non-Binary,Finance,Financial Analyst,51105,13,Master,Divorced,2
1645,Kenneth,Wells,21,Female,Customer Service,Call Center Rep,63515,1,Bachelor,Divorced,5
1646,Cassandra,Rios,51,Female,IT,IT Manager,76898,22,Master,Divorced,5
1647,Wanda,Lee,48,Male,HR,HR Manager,76142,10,High School,Single,3
1648,Marc,Figueroa,55,Male,HR,HR Manager,50105,5,PhD,Divorced,1
1649,Troy,Gilbert,59,Non-Binary,HR,HR Manager,50174,22,PhD,Single,4
1650,Debbie,Adams,27,Non-Binary,IT,System Administrator,49531,1,Bachelor,Divorced,2
1651,Stephanie,Wilson,51,Female,Finance,Financial Analyst,50079,2,High School,Single,4
1652,Elizabeth,Newton,34,Female,HR,HR Manager,84502,0,PhD,Single,1
1653,Tony,Obrien,24,Female,IT,IT Manager,56821,3,Bachelor,Single,5
1654,Sara,Wang,33,Female,Finance,Financial Analyst,93071,4,Master,Divorced,2
1655,Michael,Bennett,33,Female,Finance,Financial Analyst,107776,13,High School,Married,2
1656,Carolyn,Ramos,24,Non-Binary,Engineering,Software Engineer,108428,1,PhD,Single,2
1657,Robert,Rodriguez,30,Female,Sales,Sales Executive,111853,3,Bachelor,Divorced,5
1658,Meredith,Ryan,48,Male,Marketing,SEO Specialist,87239,0,Bachelor,Single,5
1659,Heather,Leach,49,Female,Engineering,DevOps Engineer,79955,5,Master,Married,2
1660,Michael,Williams,53,Non-Binary,Finance,Financial Analyst,69964,20,Bachelor,Divorced,4
1661,Amy,Hale,45,Male,Marketing,SEO Specialist,119534,1,High School,Divorced,2
1662,Michelle,Sutton,60,Non-Binary,Finance,Accountant,91906,9,High School,Married,4
1663,Robin,Pittman,33,Non-Binary,Customer Service,Support Specialist,65051,0,High School,Divorced,4
1664,Kelly,Ryan,36,Male,Customer Service,Call Center Rep,95391,10,Master,Divorced,3
1665,April,Tran,46,Male,Customer Service,Support Specialist,105450,0,PhD,Married,2
1666,Mark,Ramirez,49,Female,Finance,Financial Analyst,101558,19,Bachelor,Married,4
1667,David,Jones,46,Female,Sales,Sales Executive,46768,22,PhD,Divorced,5
1668,Thomas,Martinez,56,Female,Sales,Sales Associate,63967,23,Master,Single,5
1669,Karen,Gregory,34,Female,Customer Service,Call Center Rep,44601,9,High School,Single,3
1670,Angela,Alvarado,56,Male,Finance,Accountant,57710,17,Bachelor,Divorced,2
1671,Lisa,Yoder,39,Non-Binary,Marketing,Marketing Analyst,73599,18,Master,Divorced,1
1672,Joan,Morris,21,Female,IT,IT Manager,55372,0,Bachelor,Single,5
1673,Elizabeth,Davis,37,Non-Binary,IT,Network Engineer,60754,2,PhD,Married,4
1674,Anthony,Shelton,47,Female,Engineering,Software Engineer,83400,21,Master,Married,4
1675,Nicole,Wood,60,Non-Binary,HR,HR Manager,62319,22,Master,Single,2
1676,Devin,Haynes,30,Non-Binary,Customer Service,Call Center Rep,73428,6,Bachelor,Divorced,3
1677,Rebecca,Arroyo,52,Non-Binary,Marketing,Marketing Analyst,112169,15,Master,Divorced,5
1678,Michael,Gordon,24,Non-Binary,IT,IT Manager,82345,2,PhD,Married,3
1679,Mary,Perez,52,Male,IT,IT Manager,41760,22,PhD,Divorced,4
1680,Brian,Shields,48,Female,Customer Service,Call Center Rep,83023,15,Master,Divorced,5
1681,Calvin,Smith,29,Male,Finance,Financial Analyst,75002,0,PhD,Married,5
1682,Alexander,Aguirre,60,Female,IT,IT Manager,115199,13,Master,Single,1
1683,Jeremy,Ross,33,Male,IT,System Administrator,45048,2,PhD,Married,5
1684,Lori,Murphy,42,Non-Binary,HR,HR Manager,62654,14,Bachelor,Married,5
1685,Tyler,Baldwin,55,Female,Sales,Sales Executive,91628,2,High School,Married,4
1686,Devin,Moore,23,Female,IT,System Administrator,73160,0,PhD,Divorced,5
1687,Angela,Ball,52,Male,Sales,Sales Executive,95419,4,Master,Married,2
1688,Lisa,Johnson,35,Male,Sales,Sales Executive,115342,7,Master,Married,1
1689,Rachel,Shaw,21,Female,Marketing,SEO Specialist,49317,1,Master,Single,4
1690,Brad,Booker,38,Male,Finance,Financial Analyst,77765,8,Bachelor,Single,3
1691,Lori,Nguyen,57,Male,Engineering,DevOps Engineer,87496,30,PhD,Single,1
1692,Allen,Garrett,54,Female,Marketing,Marketing Analyst,100840,3,High School,Married,1
1693,Sara,Patterson,52,Non-Binary,IT,IT Manager,87633,6,Bachelor,Divorced,5
1694,Donna,Green,27,Female,Marketing,Marketing Analyst,73409,3,Master,Married,1
1695,Judith,Parker,40,Non-Binary,Marketing,Marketing Analyst,91276,3,Master,Single,5
1696,Holly,Carpenter,36,Female,Marketing,SEO Specialist,82901,14,Bachelor,Single,5
1697,Patricia,Green,41,Female,HR,HR Manager,45882,10,PhD,Divorced,4
1698,Donna,Bell,26,Female,Finance,Accountant,111169,1,PhD,Single,5
1699,Johnathan,Cortez,39,Female,IT,Network Engineer,87002,3,Bachelor,Single,3
1700,Brenda,Williams,46,Female,Engineering,Software Engineer,58862,5,Master,Single,5
1701,Caitlin,Brown,33,Male,Marketing,Marketing Analyst,116503,12,Bachelor,Single,4
1702,Curtis,Johnson,60,Non-Binary,Engineering,DevOps Engineer,49243,30,PhD,Married,1
1703,Andres,Walsh,23,Non-Binary,Customer Service,Call Center Rep,44305,2,Master,Divorced,1
1704,William,Dunn,56,Non-Binary,Finance,Accountant,77323,24,Bachelor,Married,5
1705,Trevor,Smith,36,Female,Marketing,Marketing Analyst,117765,15,Bachelor,Single,2
1706,Kevin,Wade,57,Non-Binary,Marketing,SEO Specialist,97545,30,PhD,Divorced,5
1707,Laura,Fisher,60,Non-Binary,Engineering,Software Engineer,54258,18,Master,Single,3
1708,Sara,Bender,53,Female,Customer Service,Support Specialist,50692,11,PhD,Single,1
1709,David,Atkinson,56,Male,HR,Recruiter,52178,25,Bachelor,Married,4
1710,Stuart,Ruiz,37,Non-Binary,Engineering,Software Engineer,63018,10,Bachelor,Divorced,4
1711,Allison,Little,33,Female,Sales,Sales Associate,50049,11,High School,Married,5
1712,Antonio,Davis,58,Male,IT,IT Manager,67086,6,Master,Single,1
1713,Nicole,Todd,23,Male,IT,System Administrator,44340,1,Master,Married,1
1714,Aaron,Patton,58,Male,Customer Service,Call Center Rep,119187,15,High School,Married,3
1715,Carmen,Adams,40,Non-Binary,Sales,Sales Associate,61797,10,High School,Married,3
1716,Beth,Park,24,Male,Customer Service,Call Center Rep,113364,2,PhD,Divorced,4
1717,Anna,Rogers,25,Female,Customer Service,Support Specialist,98789,0,PhD,Married,3
1718,Dana,Gonzales,27,Male,Finance,Accountant,45900,7,High School,Married,4
1719,Joshua,Moran,29,Male,Finance,Financial Analyst,96905,6,PhD,Married,1
1720,Daniel,Rodriguez,44,Male,HR,HR Manager,68460,0,Master,Single,2
1721,Andrea,Green,41,Female,Sales,Sales Executive,72871,15,High School,Married,2
1722,Sarah,Mendez,57,Female,Sales,Sales Associate,111755,0,High School,Divorced,5
1723,John,Love,47,Non-Binary,Sales,Sales Associate,118401,26,Bachelor,Divorced,4
1724,Kristen,Martin,33,Male,IT,IT Manager,113292,10,PhD,Married,4
1725,Thomas,Frazier,23,Female,Marketing,SEO Specialist,108921,1,Master,Divorced,2
1726,Elizabeth,Gonzalez,40,Female,Engineering,Software Engineer,118387,4,Bachelor,Single,2
1727,Kyle,Yoder,39,Non-Binary,Finance,Financial Analyst,105025,6,Bachelor,Divorced,2
1728,Brett,Shields,40,Female,Customer Service,Call Center Rep,40991,17,PhD,Married,3
1729,Stephanie,Garcia,58,Female,Finance,Financial Analyst,103421,2,High School,Divorced,2
1730,Richard,Miles,50,Male,Marketing,Marketing Analyst,48283,25,Master,Single,1
1731,Heather,Howell,32,Non-Binary,Finance,Financial Analyst,113995,4,High School,Married,4
1732,Kelly,Reed,40,Non-Binary,IT,Network Engineer,79211,14,Bachelor,Divorced,3
1733,Gary,Thompson,55,Non-Binary,Sales,Sales Executive,42885,28,Bachelor,Divorced,3
1734,Troy,Morgan,55,Male,IT,Network Engineer,68827,17,Bachelor,Single,3
1735,Jessica,Floyd,32,Male,Marketing,SEO Specialist,66879,10,Bachelor,Single,3
1736,Pamela,Lara,25,Non-Binary,Finance,Accountant,78598,2,Master,Married,1
1737,Roger,Espinoza,60,Female,IT,IT Manager,55763,17,Master,Divorced,1
1738,Kathy,Warren,21,Non-Binary,Sales,Sales Associate,66363,1,High School,Married,4
1739,Todd,Dawson,22,Non-Binary,HR,Recruiter,55305,2,Bachelor,Divorced,5
1740,Karen,Simon,58,Male,HR,HR Manager,57008,27,Bachelor,Single,1
1741,Crystal,Dougherty,40,Female,Marketing,SEO Specialist,117862,12,High School,Divorced,4
1742,Brian,Miller,36,Male,HR,HR Manager,97532,0,High School,Married,2
1743,Lisa,Cole,26,Male,Engineering,DevOps Engineer,74474,5,Bachelor,Divorced,2
1744,Michael,Graves,43,Male,Engineering,Software Engineer,99867,20,PhD,Single,3
1745,Danielle,May,55,Female,IT,IT Manager,108774,30,Bachelor,Divorced,4
1746,Cassandra,Cabrera,24,Female,HR,Recruiter,62511,4,PhD,Single,3
1747,Victor,Hurst,47,Non-Binary,Sales,Sales Associate,48741,2,Bachelor,Single,1
1748,George,Mccall,37,Non-Binary,Sales,Sales Executive,119959,13,Bachelor,Single,2
1749,Andre,Johnson,41,Non-Binary,HR,Recruiter,114369,1,Master,Single,1
1750,John,Graham,47,Male,Finance,Accountant,74717,11,High School,Divorced,3
1751,Desiree,Reyes,51,Non-Binary,IT,IT Manager,71414,27,PhD,Married,3
1752,Meagan,Marshall,36,Female,Sales,Sales Executive,69678,14,PhD,Divorced,4
1753,Angela,Soto,34,Female,Finance,Accountant,49936,12,Bachelor,Single,5
1754,Leslie,Hernandez,35,Male,IT,System Administrator,78066,11,High School,Divorced,4
1755,Kim,Munoz,41,Female,Finance,Accountant,113533,20,High School,Single,3
1756,Vickie,Jones,26,Female,Engineering,QA Engineer,76659,2,Bachelor,Divorced,4
1757,Lisa,Jones,51,Female,Marketing,SEO Specialist,115367,22,Master,Divorced,1
1758,Amanda,Garner,52,Non-Binary,IT,System Administrator,44074,3,PhD,Single,1
1759,Jeffrey,Armstrong,24,Female,Engineering,Software Engineer,104814,3,PhD,Divorced,2
1760,Jon,Huynh,55,Male,IT,System Administrator,107191,21,Master,Divorced,5
1761,Michael,Rose,23,Non-Binary,Sales,Sales Associate,81054,2,High School,Single,1
1762,Deanna,Robertson,41,Non-Binary,Sales,Sales Executive,100223,16,Bachelor,Divorced,4
1763,Kelly,Cortez,54,Female,Sales,Sales Associate,92819,23,High School,Married,1
1764,Marcus,Butler,55,Female,Finance,Accountant,99854,25,PhD,Divorced,4
1765,Rhonda,Valdez,60,Non-Binary,IT,System Administrator,64846,17,High School,Divorced,5
1766,Donna,Valdez,52,Non-Binary,Marketing,Marketing Analyst,97013,24,PhD,Married,2
1767,Elizabeth,Thomas,30,Female,Finance,Financial Analyst,110267,3,High School,Married,5
1768,Olivia,Ryan,24,Male,Customer Service,Call Center Rep,70729,4,High School,Single,3
1769,Chelsea,Pratt,47,Non-Binary,IT,IT Manager,47120,14,High School,Married,2
1770,Ann,Nichols,29,Female,Customer Service,Support Specialist,114835,6,High School,Married,5
1771,Kimberly,Riggs,54,Male,Customer Service,Support Specialist,104277,26,Master,Married,4
1772,Tyler,Smith,47,Non-Binary,Engineering,QA Engineer,115301,12,PhD,Married,1
1773,Shannon,Martinez,53,Male,Finance,Accountant,67870,0,PhD,Single,3
1774,Zachary,Santos,30,Female,Customer Service,Support Specialist,54767,8,PhD,Single,5
1775,Adam,Rodriguez,38,Male,IT,Network Engineer,57431,16,Bachelor,Divorced,3
1776,Paul,Johnson,47,Male,IT,Network Engineer,71471,27,Bachelor,Married,1
1777,Michael,Fry,48,Female,HR,Recruiter,57944,23,Bachelor,Single,2
1778,Mary,Saunders,51,Female,Marketing,SEO Specialist,67495,4,PhD,Divorced,3
1779,Ashley,Lopez,35,Male,Engineering,Software Engineer,56304,3,High School,Married,5
1780,Eric,Rodriguez,50,Male,HR,Recruiter,76383,9,Master,Married,1
1781,Keith,Lee,60,Female,IT,IT Manager,70813,22,Master,Married,2
1782,Adam,Wright,42,Female,Sales,Sales Executive,95748,7,Bachelor,Divorced,1
1783,Michelle,Medina,37,Male,Engineering,DevOps Engineer,93236,4,PhD,Single,1
1784,Julie,Snow,44,Female,Engineering,DevOps Engineer,74546,11,Bachelor,Single,2
1785,Aaron,Cohen,38,Male,Engineering,Software Engineer,118326,12,Bachelor,Single,5
1786,Maria,Clark,27,Male,Engineering,Software Engineer,94952,4,Bachelor,Single,1
1787,Jessica,Nixon,29,Non-Binary,Finance,Accountant,110621,8,High School,Single,3
1788,Angela,Howard,58,Male,Marketing,SEO Specialist,101303,2,Master,Single,3
1789,David,Wilcox,38,Female,Engineering,QA Engineer,59215,3,Master,Divorced,5
1790,Christina,Evans,52,Female,Customer Service,Support Specialist,55404,7,PhD,Single,1
1791,Brian,Martin,55,Non-Binary,HR,HR Manager,80254,8,PhD,Married,5
1792,Suzanne,Murphy,55,Non-Binary,Finance,Accountant,94424,19,Master,Divorced,1
1793,Jared,Scott,26,Female,Customer Service,Support Specialist,80552,0,PhD,Divorced,4
1794,Katie,Pearson,58,Male,Marketing,SEO Specialist,61228,25,High School,Divorced,1
1795,Pamela,Evans,49,Non-Binary,Marketing,Marketing Analyst,59781,21,PhD,Married,2
1796,Herbert,Bryant,29,Female,Engineering,DevOps Engineer,97027,5,High School,Single,1
1797,Christine,Kelly,26,Female,HR,HR Manager,83237,0,PhD,Single,3
1798,Brent,Ramos,46,Female,Customer Service,Support Specialist,58616,13,PhD,Married,2
1799,Nancy,Richards,32,Female,Finance,Financial Analyst,75124,11,High School,Single,3
1800,Katie,Martin,38,Female,Sales,Sales Executive,98120,14,PhD,Divorced,2
1801,Benjamin,Walker,24,Female,Sales,Sales Associate,100945,3,Bachelor,Divorced,5
1802,Dennis,Mosley,39,Female,Customer Service,Call Center Rep,40507,7,High School,Divorced,2
1803,Mary,Whitney,48,Male,HR,HR Manager,88771,10,High School,Married,5
1804,Patrick,Oneill,59,Non-Binary,HR,HR Manager,56404,28,Bachelor,Divorced,1
1805,Laurie,Miller,35,Non-Binary,Customer Service,Call Center Rep,56896,2,Bachelor,Single,2
1806,Chelsea,Small,55,Non-Binary,Sales,Sales Associate,81596,26,Bachelor,Married,2
1807,Morgan,Adams,41,Non-Binary,Marketing,SEO Specialist,54246,2,High School,Single,2
1808,Michelle,Gonzalez,35,Non-Binary,Marketing,SEO Specialist,56585,15,High School,Divorced,4
1809,Andres,Holmes,36,Non-Binary,IT,System Administrator,81660,8,Master,Divorced,2
1810,John,Martin,40,Non-Binary,IT,IT Manager,92366,9,Master,Divorced,5
1811,Melvin,Ruiz,53,Female,Marketing,Marketing Analyst,100685,3,PhD,Married,4
1812,Barbara,Brown,29,Female,IT,Network Engineer,44999,6,High School,Single,5
1813,Michael,Nelson,55,Female,Sales,Sales Executive,80449,19,Master,Divorced,4
1814,Tammy,Griffin,24,Male,Finance,Financial Analyst,113707,1,Master,Married,4
1815,Kelli,Grant,51,Female,Customer Service,Support Specialist,57667,2,High School,Single,1
1816,John,Jones,47,Male,HR,Recruiter,61679,24,Bachelor,Married,3
1817,Eric,Wood,59,Female,Marketing,Marketing Analyst,69046,3,Master,Divorced,1
1818,Eric,Shields,30,Male,Customer Service,Call Center Rep,72384,6,High School,Divorced,4
1819,Brianna,Santana,28,Female,Finance,Accountant,59834,0,Master,Single,4
1820,Alexis,Williams,21,Male,Sales,Sales Associate,94482,0,Master,Single,2
1821,Rebecca,Jones,49,Non-Binary,Customer Service,Support Specialist,102133,6,Master,Married,4
1822,Samantha,Kelly,32,Non-Binary,Customer Service,Call Center Rep,117883,4,Master,Divorced,1
1823,Gregory,Michael,49,Male,HR,HR Manager,71048,8,Bachelor,Married,3
1824,Elizabeth,Miller,26,Male,Sales,Sales Associate,61251,5,High School,Divorced,1
1825,Debra,Ryan,36,Female,Engineering,DevOps Engineer,100076,16,High School,Married,4
1826,George,Larson,46,Male,Finance,Financial Analyst,111243,23,PhD,Married,2
1827,Angie,Brooks,39,Female,Customer Service,Call Center Rep,61576,15,Bachelor,Single,1
1828,Nancy,Sellers,44,Male,Customer Service,Support Specialist,53744,0,Master,Single,5
1829,Albert,Garcia,60,Male,Finance,Financial Analyst,91767,29,High School,Married,3
1830,Joseph,Torres,40,Female,HR,Recruiter,110692,19,Master,Single,3
1831,Maria,Smith,49,Non-Binary,Marketing,Marketing Analyst,58820,2,Bachelor,Married,5
1832,Alyssa,Ross,38,Female,Engineering,QA Engineer,109686,9,High School,Single,5
1833,Richard,Ramirez,24,Non-Binary,IT,IT Manager,94204,4,PhD,Single,1
1834,Kelly,Garcia,46,Male,Finance,Financial Analyst,110434,9,High School,Married,3
1835,Elizabeth,Singleton,53,Male,Finance,Accountant,47131,17,High School,Divorced,5
1836,Lindsay,Solomon,35,Male,Customer Service,Support Specialist,105013,14,High School,Married,1
1837,Rachel,Burns,59,Non-Binary,Sales,Sales Associate,97188,0,High School,Single,4
1838,Darren,Welch,47,Male,HR,Recruiter,106255,6,Bachelor,Married,3
1839,Ashley,Mahoney,33,Non-Binary,Marketing,Marketing Analyst,40764,11,High School,Divorced,4
1840,Russell,Adkins,59,Male,Sales,Sales Executive,109198,1,Bachelor,Single,4
1841,Devin,Robertson,60,Non-Binary,HR,Recruiter,52928,1,PhD,Divorced,2
1842,Catherine,George,28,Non-Binary,Finance,Financial Analyst,47797,7,High School,Single,1
1843,Carol,Bennett,33,Female,Finance,Financial Analyst,48833,8,PhD,Married,4
1844,Clayton,Johnson,41,Non-Binary,Marketing,SEO Specialist,83988,15,PhD,Divorced,2
1845,Jennifer,Rodriguez,48,Non-Binary,IT,IT Manager,51068,9,High School,Married,1
1846,Jacob,Barron,29,Male,HR,Recruiter,63421,1,Master,Single,4
1847,Mary,Stone,26,Female,Sales,Sales Executive,42949,5,Master,Single,4
1848,Gregory,Fowler,32,Male,Finance,Accountant,58094,6,High School,Single,1
1849,Gina,Yoder,23,Non-Binary,Finance,Accountant,70288,1,Bachelor,Divorced,5
1850,Tina,Burgess,42,Non-Binary,Marketing,Marketing Analyst,62855,22,Master,Divorced,5
1851,Kevin,Cooper,55,Non-Binary,Finance,Accountant,78403,27,Master,Divorced,3
1852,Rhonda,Roberts,37,Non-Binary,Customer Service,Support Specialist,88964,15,Master,Divorced,1
1853,Alisha,Daniels,37,Non-Binary,Marketing,SEO Specialist,105141,16,Master,Married,5
1854,Patricia,Garcia,23,Non-Binary,Finance,Accountant,116528,0,Master,Married,3
1855,Jessica,Wright,59,Male,Marketing,Marketing Analyst,40472,16,Bachelor,Divorced,5
1856,Steven,Gill,59,Non-Binary,Sales,Sales Associate,89980,23,High School,Married,1
1857,Kenneth,Davis,22,Non-Binary,Engineering,Software Engineer,100476,0,Bachelor,Married,3
1858,Brian,Liu,35,Male,Finance,Accountant,67961,9,Bachelor,Married,4
1859,Michael,Caldwell,46,Male,Sales,Sales Associate,102945,6,Master,Single,1
1860,Douglas,Williams,54,Male,Sales,Sales Executive,94633,20,Master,Divorced,1
1861,Megan,Lee,48,Female,Engineering,QA Engineer,56025,15,Master,Married,5
1862,Randy,Coleman,54,Male,Finance,Accountant,94450,30,High School,Married,5
1863,Regina,Lewis,58,Female,Marketing,Marketing Analyst,49548,24,PhD,Married,1
1864,Kelly,Flowers,34,Male,Finance,Financial Analyst,110879,7,Master,Single,5
1865,Lindsay,Johnson,32,Male,HR,HR Manager,68002,6,Bachelor,Single,2
1866,James,Phillips,32,Female,HR,Recruiter,77724,9,Master,Single,4
1867,Lisa,Alexander,26,Non-Binary,Finance,Financial Analyst,83570,4,Bachelor,Divorced,5
1868,Patricia,Vance,41,Female,Engineering,QA Engineer,62398,21,High School,Married,4
1869,Frank,Stevens,51,Male,Marketing,Marketing Analyst,115634,8,High School,Single,1
1870,Hunter,Murphy,54,Female,Sales,Sales Executive,90021,16,High School,Single,2
1871,Thomas,Clements,30,Non-Binary,Engineering,DevOps Engineer,118543,6,PhD,Divorced,2
1872,Charles,Carlson,44,Non-Binary,Engineering,DevOps Engineer,49592,8,High School,Divorced,3
1873,Gina,Phillips,32,Female,Customer Service,Support Specialist,70705,2,High School,Divorced,3
1874,Justin,Alexander,27,Female,Finance,Accountant,51722,3,Bachelor,Single,2
1875,Michael,Sandoval,28,Non-Binary,Customer Service,Call Center Rep,40130,5,PhD,Married,5
1876,James,Ross,47,Male,Sales,Sales Associate,40263,26,Bachelor,Married,3
1877,Gregory,Johnson,21,Male,Sales,Sales Executive,57348,1,PhD,Single,5
1878,Anna,Wiley,49,Male,IT,System Administrator,96044,23,Bachelor,Divorced,1
1879,Brian,Lloyd,37,Non-Binary,HR,HR Manager,72947,0,Master,Single,1
1880,John,Johnson,40,Female,Sales,Sales Executive,117107,16,High School,Married,1
1881,Patrick,Harding,26,Male,IT,Network Engineer,55571,4,High School,Divorced,3
1882,Madeline,Scott,30,Male,Marketing,SEO Specialist,92626,0,Master,Divorced,3
1883,Matthew,Mckinney,38,Female,Sales,Sales Associate,74035,15,Bachelor,Single,2
1884,Jeremy,Tucker,21,Non-Binary,Marketing,Marketing Analyst,54041,1,Master,Single,5
1885,Derek,Doyle,27,Non-Binary,Finance,Accountant,73440,1,High School,Divorced,3
1886,Leah,Cantu,51,Male,Marketing,Marketing Analyst,57116,23,PhD,Single,5
1887,Eric,Ward,48,Non-Binary,IT,Network Engineer,90982,14,PhD,Single,2
1888,Nancy,Booker,33,Male,HR,HR Manager,70169,12,High School,Divorced,2
1889,Matthew,Mayo,33,Male,Finance,Financial Analyst,91372,9,Master,Divorced,4
1890,Dakota,Bell,60,Non-Binary,Engineering,DevOps Engineer,108597,27,High School,Married,5
1891,Elizabeth,Garrison,45,Female,Finance,Financial Analyst,92722,0,Master,Single,2
1892,Jonathan,Mcdowell,35,Female,Customer Service,Call Center Rep,83297,1,PhD,Married,1
1893,Jennifer,Stark,28,Non-Binary,IT,IT Manager,119125,8,Master,Divorced,3
1894,Katrina,Nunez,44,Male,Engineering,QA Engineer,68398,18,Bachelor,Married,2
1895,Paul,Johnson,58,Non-Binary,Customer Service,Call Center Rep,119172,9,Bachelor,Single,1
1896,Valerie,Hampton,30,Non-Binary,Customer Service,Support Specialist,100264,4,Master,Single,4
1897,Laurie,Galvan,44,Female,Marketing,SEO Specialist,42479,0,Bachelor,Married,3
1898,Jennifer,Rogers,22,Female,Marketing,Marketing Analyst,42688,1,PhD,Single,3
1899,Lindsay,Wilson,39,Non-Binary,Engineering,Software Engineer,102745,15,Master,Married,2
1900,Cynthia,Wells,42,Male,HR,HR Manager,107149,18,Bachelor,Single,3
1901,Brett,Horton,36,Non-Binary,Marketing,Marketing Analyst,91981,9,High School,Single,5
1902,Joan,Mendoza,51,Male,Customer Service,Support Specialist,89745,22,High School,Married,5
1903,Tonya,Wilcox,45,Female,Sales,Sales Executive,98776,21,PhD,Divorced,5
1904,Kelly,Howard,35,Female,IT,Network Engineer,116795,5,Bachelor,Single,2
1905,Dana,Hernandez,30,Non-Binary,Marketing,SEO Specialist,119873,5,High School,Married,1
1906,David,Richardson,36,Non-Binary,Marketing,Marketing Analyst,106087,1,PhD,Divorced,5
1907,Donna,Myers,57,Female,Finance,Financial Analyst,52948,10,Master,Single,4
1908,Ryan,Cruz,22,Non-Binary,IT,System Administrator,97552,2,Bachelor,Single,4
1909,Erica,Jones,42,Non-Binary,Sales,Sales Associate,55608,13,Bachelor,Married,1
1910,David,Harris,25,Non-Binary,Marketing,SEO Specialist,112322,3,Bachelor,Divorced,5
1911,John,Kidd,50,Female,Engineering,QA Engineer,45122,7,Master,Divorced,1
1912,Amanda,Solis,44,Male,Customer Service,Support Specialist,83191,23,High School,Divorced,2
1913,Amber,Taylor,41,Male,Sales,Sales Executive,58924,6,PhD,Divorced,1
1914,James,Porter,60,Male,Engineering,Software Engineer,99630,20,High School,Married,2
1915,Roger,Thomas,40,Non-Binary,Customer Service,Call Center Rep,84575,13,High School,Divorced,3
1916,Kathleen,Ruiz,25,Male,Finance,Financial Analyst,107713,5,PhD,Single,1
1917,John,Bush,21,Female,Customer Service,Support Specialist,92182,0,Master,Divorced,2
1918,Brandon,Yates,27,Male,Engineering,QA Engineer,108260,5,Master,Married,1
1919,Lori,Sanchez,34,Female,IT,IT Manager,93416,8,PhD,Divorced,2
1920,Cesar,Ward,57,Non-Binary,Customer Service,Call Center Rep,102034,19,PhD,Married,3
1921,Jennifer,Morgan,34,Male,Sales,Sales Associate,66882,2,Bachelor,Single,4
1922,Sharon,Graham,44,Male,Finance,Accountant,109556,15,Bachelor,Married,5
1923,Roger,King,40,Non-Binary,HR,Recruiter,73125,2,Bachelor,Single,2
1924,Christine,Goodman,21,Non-Binary,HR,Recruiter,48229,1,Master,Married,1
1925,Amanda,Snyder,60,Non-Binary,Finance,Financial Analyst,86649,9,Master,Single,5
1926,Christopher,Barton,24,Male,Marketing,SEO Specialist,105260,3,Master,Divorced,1
1927,Jenny,Cook,25,Non-Binary,Sales,Sales Executive,66966,5,Bachelor,Married,5
1928,Angela,Holland,51,Female,Marketing,SEO Specialist,73800,13,PhD,Single,5
1929,Phillip,Mcdonald,56,Female,Finance,Accountant,72632,9,High School,Divorced,5
1930,Crystal,Price,22,Non-Binary,Sales,Sales Associate,88272,0,High School,Single,3
1931,Michael,Beard,38,Male,HR,Recruiter,56074,6,Bachelor,Divorced,3
1932,Peter,Evans,32,Female,Sales,Sales Executive,92343,7,Master,Married,4
1933,Jeremy,Peters,49,Female,Customer Service,Support Specialist,106913,7,Master,Single,3
1934,Todd,Pham,56,Non-Binary,Engineering,DevOps Engineer,87793,10,Master,Single,1
1935,Heather,Mcdowell,47,Male,Customer Service,Call Center Rep,50618,18,PhD,Single,4
1936,Travis,Smith,55,Female,HR,Recruiter,44674,11,PhD,Divorced,4
1937,Ryan,Sharp,39,Male,HR,Recruiter,102272,11,High School,Divorced,2
1938,Darren,Peterson,28,Male,Marketing,Marketing Analyst,55389,7,High School,Married,5
1939,Joseph,Bruce,50,Male,Sales,Sales Executive,116289,5,Bachelor,Married,1
1940,Nicole,Myers,28,Female,HR,Recruiter,54671,0,High School,Divorced,1
1941,Sandra,Marquez,50,Non-Binary,Engineering,DevOps Engineer,69571,11,High School,Divorced,2
1942,Zachary,Oliver,21,Female,Customer Service,Support Specialist,110113,1,Bachelor,Single,1
1943,Steven,Caldwell,38,Male,Engineering,DevOps Engineer,67363,0,PhD,Divorced,4
1944,Dillon,Bolton,49,Male,Customer Service,Support Specialist,77238,18,PhD,Married,2
1945,Kevin,Foster,30,Female,Sales,Sales Executive,71473,8,PhD,Single,5
1946,William,Higgins,23,Non-Binary,HR,Recruiter,56373,0,High School,Married,4
1947,Robert,Skinner,51,Female,Engineering,Software Engineer,107439,0,Bachelor,Married,5
1948,Raymond,Garrison,59,Non-Binary,Customer Service,Call Center Rep,50049,24,Bachelor,Married,1
1949,Lisa,Brown,44,Non-Binary,Customer Service,Call Center Rep,82342,14,Bachelor,Single,2
1950,Rebecca,Parsons,47,Non-Binary,IT,Network Engineer,55928,6,PhD,Divorced,4
1951,Bryan,Ellis,21,Non-Binary,HR,HR Manager,119578,0,PhD,Single,1
1952,Mike,Butler,51,Female,Customer Service,Call Center Rep,114382,30,Master,Single,2
1953,Morgan,Johnson,22,Non-Binary,IT,IT Manager,57380,1,Bachelor,Married,5
1954,Laura,Hernandez,49,Male,IT,IT Manager,84273,19,Bachelor,Married,5
1955,Debra,Smith,26,Male,Engineering,QA Engineer,93842,5,Master,Single,4
1956,Susan,Allen,44,Female,Sales,Sales Associate,118977,5,PhD,Married,3
1957,William,Davidson,29,Female,Finance,Accountant,60172,7,High School,Divorced,5
1958,Richard,Dennis,50,Non-Binary,HR,Recruiter,53685,25,Master,Divorced,4
1959,Matthew,Rodriguez,31,Non-Binary,Marketing,Marketing Analyst,117901,10,PhD,Single,4
1960,Rachel,Evans,44,Non-Binary,Marketing,SEO Specialist,67520,6,Master,Single,1
1961,Arthur,Tucker,44,Non-Binary,HR,HR Manager,86774,11,PhD,Married,1
1962,Matthew,Hart,27,Male,IT,System Administrator,66660,2,Bachelor,Married,1
1963,John,Gallagher,51,Non-Binary,Sales,Sales Associate,68392,15,Master,Married,4
1964,Lauren,Morgan,60,Non-Binary,Sales,Sales Associate,49013,29,High School,Married,5
1965,Jenna,Fisher,42,Non-Binary,Finance,Financial Analyst,110963,2,PhD,Single,3
1966,Samuel,Morris,23,Male,Engineering,QA Engineer,84294,0,Bachelor,Single,4
1967,Rachel,Williams,42,Male,HR,Recruiter,113093,8,Master,Single,4
1968,Megan,Burch,49,Non-Binary,IT,IT Manager,57941,8,Bachelor,Married,1
1969,Katelyn,Anderson,36,Male,Marketing,Marketing Analyst,93945,16,Master,Single,3
1970,Carol,Braun,53,Non-Binary,Customer Service,Call Center Rep,114080,11,High School,Single,5
1971,Nicole,Flores,44,Female,Customer Service,Support Specialist,96973,4,Bachelor,Divorced,1
1972,Cynthia,Lynn,22,Female,HR,HR Manager,58885,0,Master,Divorced,2
1973,Steven,Berry,46,Non-Binary,HR,HR Manager,43479,8,Bachelor,Divorced,3
1974,Craig,Ryan,39,Male,HR,HR Manager,83229,4,Bachelor,Divorced,5
1975,Nicole,Harris,39,Female,Marketing,SEO Specialist,69853,11,Master,Single,5
1976,Theresa,Hurley,50,Male,Finance,Financial Analyst,98089,0,PhD,Divorced,4
1977,Mark,Perkins,57,Non-Binary,HR,HR Manager,88983,3,Bachelor,Divorced,4
1978,Nicholas,Morris,31,Male,HR,HR Manager,55202,9,Bachelor,Single,5
1979,Rachel,Solomon,36,Female,Marketing,Marketing Analyst,62562,1,Master,Single,3
1980,Joshua,Mclaughlin,47,Female,HR,Recruiter,70993,9,PhD,Married,4
1981,Shannon,Bowman,29,Female,Customer Service,Call Center Rep,58513,5,Bachelor,Single,5
1982,Michael,Moore,38,Non-Binary,Finance,Accountant,45791,6,Master,Married,1
1983,Kelly,Herrera,25,Male,Sales,Sales Executive,117826,1,High School,Married,3
1984,Brian,Ellis,42,Male,Finance,Accountant,49983,13,PhD,Married,2
1985,Amanda,Brown,50,Female,Finance,Financial Analyst,91446,14,Master,Single,2
1986,Joshua,Carter,44,Male,IT,System Administrator,73240,16,Bachelor,Single,1
1987,Sean,Gordon,54,Non-Binary,IT,IT Manager,56343,29,PhD,Married,2
1988,Tyler,Trevino,23,Female,HR,HR Manager,45804,2,Bachelor,Divorced,4
1989,Daryl,Aguilar,42,Female,IT,System Administrator,57829,15,Bachelor,Single,4
1990,Paula,Holloway,49,Female,IT,Network Engineer,64538,14,Master,Divorced,2
1991,Theresa,Miller,53,Male,Customer Service,Call Center Rep,116799,18,Bachelor,Divorced,5
1992,Joshua,Leon,36,Female,Marketing,SEO Specialist,114136,13,Master,Married,2
1993,Rodney,Oliver,22,Non-Binary,Customer Service,Call Center Rep,95213,1,Bachelor,Single,2
1994,William,Johnson,43,Non-Binary,Sales,Sales Executive,100012,7,Master,Married,4
1995,Nancy,Williams,47,Non-Binary,HR,HR Manager,93369,13,Bachelor,Single,5
1996,Dennis,Lee,53,Non-Binary,HR,Recruiter,78269,15,High School,Married,2
1997,Robert,Cooper,42,Non-Binary,Customer Service,Call Center Rep,45963,14,PhD,Married,4
1998,Kelly,Noble,59,Non-Binary,Marketing,SEO Specialist,98918,1,Master,Married,4
1999,Michael,Crawford,26,Non-Binary,HR,Recruiter,71645,6,PhD,Married,5
2000,Michele,Barron,31,Female,Finance,Financial Analyst,105386,5,High School,Single,3
